descArea,codRisco,idMtzRisco,descricao,a_sistema,gau_de_risco,bgcolor,fgcolor,ProcessoPri,programas,processoSec,programasSec
Aplicações/Empréstimo,AE01,43,"Usuários podem criar uma Operação de investimento fraudulento. (APL)",D,MEDIO,#FF8C00,#FFFF,"Manutenção Dados Mestre de Operações Financeiras",bas_operac_financ,"Manutenção Dados Mestre de Operações Financeiras",bas_operac_financ
Aplicações/Empréstimo,AE02,44,"Usuários podems criar movimentações (APL) fictícias e confirmar a movimentação.",D,ALTO,#ff0000,#000000,"Processar Movimento de Aplicação/Empréstimo","bas_movto_operac_financ_aplicacao | bas_movto_operac_financ_diario_empr","Pagamentos (Contas a Pagar)","bas_antecip_pef_pend_pef | bas_bord_ap | bas_bord_ap_confirmacao | bas_bord_ap_enviar_msg_edi | bas_bord_ap_impressao | bas_cheq_ap_confirmacao | bas_lote_impl_tit_ap | bas_lote_pagto | bas_lote_pagto_enctro_ctas | bas_proces_pagto_prepar_pagto | fnc_cheq_ap_emissao | rpt_bord_ap_ret_pagto_escr"
"Ativo Fixo",AF01,45,"Mudança dados mestres de ativos fixo.",D,ALTO,#ff0000,#000000,"Manutenção Dados Mestre de Ativo Fixo","bas_bem_pat | bas_bem_pat_imobdo | bas_incorp_bem_pat | fnc_bem_pat_import","Manutenção Dados Mestre de Ativo Fixo","bas_bem_pat | bas_bem_pat_imobdo | bas_incorp_bem_pat | fnc_bem_pat_import"
"Ativo Fixo",AF02,46,"O responsável pelos registros mestres de ativos pode processar transações que permitiriam que o ativo fosse depreciado com o tempo.",D,MEDIO,#FF8C00,#FFFF,"Manutenção Dados Mestre de Ativo Fixo","bas_bem_pat | bas_bem_pat_imobdo | bas_incorp_bem_pat | fnc_bem_pat_import","Manutenção Documento Imobilizado","bas_apol_seguro_calc_amort | bas_bem_pat_ajuste_vida_util | bas_bem_pat_aloc | bas_bem_pat_baixa | bas_bem_pat_calculo | bas_bem_pat_calculo_movto | bas_bem_pat_cancelar_conj | bas_bem_pat_estorn_bxa | bas_bem_pat_exc_calc | bas_bem_pat_exc_movto | bas_bem_pat_rateio_valores | bas_bem_pat_reclassif_conta | bas_bem_pat_transf_ext | bas_bem_pat_uniao | bas_contrat_leas_calc_amort | bas_contrat_leas_exc_calc | bas_incorp_bem_pat_reaval | fnc_bem_pat_desmembramento | rpt_bem_pat_calculo_mapa"
"Ativo Fixo",AF03,47,"Criar o ativo e manipular o recebimento do ativo associado.",D,ALTO,#ff0000,#000000,"Manutenção Dados Mestre de Ativo Fixo","bas_bem_pat | bas_bem_pat_imobdo | bas_incorp_bem_pat | fnc_bem_pat_import","Pagamentos (Contas a Pagar)","bas_antecip_pef_pend_pef | bas_bord_ap | bas_bord_ap_confirmacao | bas_bord_ap_enviar_msg_edi | bas_bord_ap_impressao | bas_cheq_ap_confirmacao | bas_lote_impl_tit_ap | bas_lote_pagto | bas_lote_pagto_enctro_ctas | bas_proces_pagto_prepar_pagto | fnc_cheq_ap_emissao | rpt_bord_ap_ret_pagto_escr"
"Caixa e Bancos",CB01,50,"Criar uma conta bancários ilegítima.",D,ALTO,#ff0000,#000000,"Manutenção Dados Mestre de Bancos","bas_banco | bas_cta_corren | bas_portador | bas_portad_bco | bas_portad_edi | bas_portad_finalid_econ | bas_talon_cheq","Manutenção Dados Mestre de Bancos","bas_banco | bas_cta_corren | bas_portador | bas_portad_bco | bas_portad_edi | bas_portad_finalid_econ | bas_talon_cheq"
"Caixa e Bancos",CB02,51,"Criar uma conta bancária ilegítima e criar um pagamento a partir dela.",D,ALTO,#ff0000,#000000,"Manutenção Dados Mestre de Bancos","bas_banco | bas_cta_corren | bas_portador | bas_portad_bco | bas_portad_edi | bas_portad_finalid_econ | bas_talon_cheq","Pagamentos (Contas a Pagar)","bas_antecip_pef_pend_pef | bas_bord_ap | bas_bord_ap_confirmacao | bas_bord_ap_enviar_msg_edi | bas_bord_ap_impressao | bas_cheq_ap_confirmacao | bas_lote_impl_tit_ap | bas_lote_pagto | bas_lote_pagto_enctro_ctas | bas_proces_pagto_prepar_pagto | fnc_cheq_ap_emissao | rpt_bord_ap_ret_pagto_escr"
"Caixa e Bancos",CB03,60,"Criar uma conta bancária ilegítima e criar pagamentos manuais a partir dela.",D,ALTO,#ff0000,#000000,"Manutenção Dados Mestre de Bancos","bas_banco | bas_cta_corren | bas_portador | bas_portad_bco | bas_portad_edi | bas_portad_finalid_econ | bas_talon_cheq","Processar Pagamentos Manualmente","bas_cheq_ap_altera_numero | bas_cheq_ap_confirmacao | bas_cheq_ap_estorno | bas_lote_pagto | fnc_cheq_ap_emissao | fnc_cheq_ap_reemissao"
"Caixa e Bancos",CB04,71,"Criar documento de faturamento para o cliente e lançar inadequadamente um pagamento do mesmo cliente para ocultar a ausência de pagamento.",D,ALTO,#ff0000,#000000,"Pagamentos (Contas a Receber)","bas_lote_liquidac_acr | bas_tit_acr_alteracao | bas_tit_acr_estorno | fnc_liquidac_tit_acr | rpt_item_lote_liquidac_acr_cobr_escr","Manutenção Documentos Faturamento","ft0502 | ft1001 | ft2200 | ft4001 | ft4002 | ft4003"
"Caixa e Bancos",CB05,72,"O usuário pode criar/alterar uma fatura e inserir/alterar pagamentos contra a mesma.",D,ALTO,#ff0000,#000000,"Pagamentos (Contas a Receber)","bas_lote_liquidac_acr | bas_tit_acr_alteracao | bas_tit_acr_estorno | fnc_liquidac_tit_acr | rpt_item_lote_liquidac_acr_cobr_escr","Manutenção Documentos Faturamento","ft0502 | ft1001 | ft2200 | ft4001 | ft4002 | ft4003"
"Caixa e Bancos",CB06,73,"Pode ocultar diferenças entre pagamentos bancários e lançamentos de registros de contas a pagar.",D,ALTO,#ff0000,#000000,"Reconciliação Bancária","bas_cta_corren_concil | bas_extrat_cta_corren | bas_extrat_cta_corren_import","Reconciliação Bancária","bas_cta_corren_concil | bas_extrat_cta_corren | bas_extrat_cta_corren_import"
"Caixa e Bancos",CD01,74,"Realizar a função de aprovação de crédito e modififcar montante recebido para fins fraudulentos.",D,ALTO,#ff0000,#000000,"Gestão de Crédito","cm0102 | cm0201 | cm0202","Pagamentos (Contas a Receber)","bas_lote_liquidac_acr | bas_tit_acr_alteracao | bas_tit_acr_estorno | fnc_liquidac_tit_acr | rpt_item_lote_liquidac_acr_cobr_escr"
Compras,SODCC01,1,"O usuário pode criar um fornecedor fictício e criar um pagamento inadequado para o fornecedor. O usuário pode alterar os detalhes do pagamento do fornecedor existente para desviar os pagamentos, O usuário pode criar um fornecedor inapropriado e encomendar produtos deles.",D,ALTO,#ff0000,#000000,"Cadastrar Fornecedor","bas_fornecedor_fin | bas_fornec_financ | bas_fornec_financ_fin | bas_pessoa_fisic | bas_pessoa_jurid | bas_tip_fornec | bas_tip_fornec_fin | cd0401","Solicitar Compra","cc0117 | cc0301 | cc0309 | cc0325 | ce0340 | ce0341 | ce0346"
Compras,SODCC01,1,"O usuário pode criar um fornecedor fictício e criar um pagamento inadequado para o fornecedor. O usuário pode alterar os detalhes do pagamento do fornecedor existente para desviar os pagamentos, O usuário pode criar um fornecedor inapropriado e encomendar produtos deles.",D,BAIXO,#3a309c,#f9f9f9,"Cadastrar Fornecedor","bas_fornecedor_fin | bas_fornec_financ | bas_fornec_financ_fin | bas_pessoa_fisic | bas_pessoa_jurid | bas_tip_fornec | bas_tip_fornec_fin | cd0401","Receber a nota fiscal","re0190 | re0402 | re1001 | re1005 | re2001"
Compras,SODCC01,1,"O usuário pode criar um fornecedor fictício e criar um pagamento inadequado para o fornecedor. O usuário pode alterar os detalhes do pagamento do fornecedor existente para desviar os pagamentos, O usuário pode criar um fornecedor inapropriado e encomendar produtos deles.",D,BAIXO,#3a309c,#f9f9f9,"Cadastrar Fornecedor","bas_fornecedor_fin | bas_fornec_financ | bas_fornec_financ_fin | bas_pessoa_fisic | bas_pessoa_jurid | bas_tip_fornec | bas_tip_fornec_fin | cd0401","Processo de Pagamento e Baixa de Títulos","bas_bord_ap | bas_bord_ap_confirmacao | bas_cheq_ap_confirmacao | bas_lote_pagto"
Compras,SODCC01,1,"O usuário pode criar um fornecedor fictício e criar um pagamento inadequado para o fornecedor. O usuário pode alterar os detalhes do pagamento do fornecedor existente para desviar os pagamentos, O usuário pode criar um fornecedor inapropriado e encomendar produtos deles.",D,BAIXO,#3a309c,#f9f9f9,"Cadastrar Fornecedor","bas_fornecedor_fin | bas_fornec_financ | bas_fornec_financ_fin | bas_pessoa_fisic | bas_pessoa_jurid | bas_tip_fornec | bas_tip_fornec_fin | cd0401","Cancelamento de Títulos",bas_tit_ap_estorno
Compras,SODCC01,1,"O usuário pode criar um fornecedor fictício e criar um pagamento inadequado para o fornecedor. O usuário pode alterar os detalhes do pagamento do fornecedor existente para desviar os pagamentos, O usuário pode criar um fornecedor inapropriado e encomendar produtos deles.",D,ALTO,#ff0000,#000000,"Cadastrar Fornecedor","bas_fornecedor_fin | bas_fornec_financ | bas_fornec_financ_fin | bas_pessoa_fisic | bas_pessoa_jurid | bas_tip_fornec | bas_tip_fornec_fin | cd0401","Realizar a Compra","cc0300 | cc0311 | cn0304 | oc0201 | oc0202 | oc0203 | oc0204"
Compras,SODCC01,1,"O usuário pode criar um fornecedor fictício e criar um pagamento inadequado para o fornecedor. O usuário pode alterar os detalhes do pagamento do fornecedor existente para desviar os pagamentos, O usuário pode criar um fornecedor inapropriado e encomendar produtos deles.",D,MEDIO,#FF8C00,#FFFF,"Cadastrar Fornecedor","bas_fornecedor_fin | bas_fornec_financ | bas_fornec_financ_fin | bas_pessoa_fisic | bas_pessoa_jurid | bas_tip_fornec | bas_tip_fornec_fin | cd0401","Aprovar Realização da Compra","cd1720a | oc0205"
Compras,SODCC01,1,"O usuário pode criar um fornecedor fictício e criar um pagamento inadequado para o fornecedor. O usuário pode alterar os detalhes do pagamento do fornecedor existente para desviar os pagamentos, O usuário pode criar um fornecedor inapropriado e encomendar produtos deles.",D,ALTO,#ff0000,#000000,"Cadastrar Fornecedor","bas_fornecedor_fin | bas_fornec_financ | bas_fornec_financ_fin | bas_pessoa_fisic | bas_pessoa_jurid | bas_tip_fornec | bas_tip_fornec_fin | cd0401","Alterar perfis de acesso para o recebimento",re0101
Compras,SODCC01,1,"O usuário pode criar um fornecedor fictício e criar um pagamento inadequado para o fornecedor. O usuário pode alterar os detalhes do pagamento do fornecedor existente para desviar os pagamentos, O usuário pode criar um fornecedor inapropriado e encomendar produtos deles.",D,ALTO,#ff0000,#000000,"Cadastrar Fornecedor","bas_fornecedor_fin | bas_fornec_financ | bas_fornec_financ_fin | bas_pessoa_fisic | bas_pessoa_jurid | bas_tip_fornec | bas_tip_fornec_fin | cd0401","Aprovar alterações de perfil de acesso para o recebimento",re0101
Compras,SODCC01,1,"O usuário pode criar um fornecedor fictício e criar um pagamento inadequado para o fornecedor. O usuário pode alterar os detalhes do pagamento do fornecedor existente para desviar os pagamentos, O usuário pode criar um fornecedor inapropriado e encomendar produtos deles.",D,ALTO,#ff0000,#000000,"Cadastrar Fornecedor","bas_fornecedor_fin | bas_fornec_financ | bas_fornec_financ_fin | bas_pessoa_fisic | bas_pessoa_jurid | bas_tip_fornec | bas_tip_fornec_fin | cd0401","Receber o material comprado fisicamente","re2001 | re2005 | re2006"
Compras,SODCC01,1,"O usuário pode criar um fornecedor fictício e criar um pagamento inadequado para o fornecedor. O usuário pode alterar os detalhes do pagamento do fornecedor existente para desviar os pagamentos, O usuário pode criar um fornecedor inapropriado e encomendar produtos deles.",D,MEDIO,#FF8C00,#FFFF,"Cadastrar Fornecedor","bas_fornecedor_fin | bas_fornec_financ | bas_fornec_financ_fin | bas_pessoa_fisic | bas_pessoa_jurid | bas_tip_fornec | bas_tip_fornec_fin | cd0401","Integração Com O Contas a Pagar",re0404
Compras,SODCC01,1,"O usuário pode criar um fornecedor fictício e criar um pagamento inadequado para o fornecedor. O usuário pode alterar os detalhes do pagamento do fornecedor existente para desviar os pagamentos, O usuário pode criar um fornecedor inapropriado e encomendar produtos deles.",D,ALTO,#ff0000,#000000,"Cadastrar Fornecedor","bas_fornecedor_fin | bas_fornec_financ | bas_fornec_financ_fin | bas_pessoa_fisic | bas_pessoa_jurid | bas_tip_fornec | bas_tip_fornec_fin | cd0401","Registrar Título Manual","bas_antecip_pef_pend_pef | bas_lote_impl_tit_ap | bas_lote_impl_tit_ap_previsao"
Compras,SODCC01,1,"O usuário pode criar um fornecedor fictício e criar um pagamento inadequado para o fornecedor. O usuário pode alterar os detalhes do pagamento do fornecedor existente para desviar os pagamentos, O usuário pode criar um fornecedor inapropriado e encomendar produtos deles.",D,ALTO,#ff0000,#000000,"Cadastrar Fornecedor","bas_fornecedor_fin | bas_fornec_financ | bas_fornec_financ_fin | bas_pessoa_fisic | bas_pessoa_jurid | bas_tip_fornec | bas_tip_fornec_fin | cd0401","Registrar Adiantamento",bas_antecip_pef_pend
Compras,SODCC01,1,"O usuário pode criar um fornecedor fictício e criar um pagamento inadequado para o fornecedor. O usuário pode alterar os detalhes do pagamento do fornecedor existente para desviar os pagamentos, O usuário pode criar um fornecedor inapropriado e encomendar produtos deles.",D,ALTO,#ff0000,#000000,"Cadastrar Fornecedor","bas_fornecedor_fin | bas_fornec_financ | bas_fornec_financ_fin | bas_pessoa_fisic | bas_pessoa_jurid | bas_tip_fornec | bas_tip_fornec_fin | cd0401","Alteração de Valor Títulos",bas_tit_ap_alteracao
Compras,SODCC01,1,"O usuário pode criar um fornecedor fictício e criar um pagamento inadequado para o fornecedor. O usuário pode alterar os detalhes do pagamento do fornecedor existente para desviar os pagamentos, O usuário pode criar um fornecedor inapropriado e encomendar produtos deles.",D,MEDIO,#FF8C00,#FFFF,"Cadastrar Fornecedor","bas_fornecedor_fin | bas_fornec_financ | bas_fornec_financ_fin | bas_pessoa_fisic | bas_pessoa_jurid | bas_tip_fornec | bas_tip_fornec_fin | cd0401","Permissão para Inclusão/Alteração/Pagamento/Cancelamento",bas_usuar_financ_estab_apb
Compras,SODCC02,2,"O usuário pode criar uma ordem fictícia e entrar uma fatura contra ela, provocando um pagamento inadequado",D,ALTO,#ff0000,#000000,"Solicitar Compra","cc0117 | cc0301 | cc0309 | cc0325 | ce0340 | ce0341 | ce0346","Cadastrar Fornecedor","bas_fornecedor_fin | bas_fornec_financ | bas_fornec_financ_fin | bas_pessoa_fisic | bas_pessoa_jurid | bas_tip_fornec | bas_tip_fornec_fin | cd0401"
Compras,SODCC02,2,"O usuário pode criar uma ordem fictícia e entrar uma fatura contra ela, provocando um pagamento inadequado",D,ALTO,#ff0000,#000000,"Solicitar Compra","cc0117 | cc0301 | cc0309 | cc0325 | ce0340 | ce0341 | ce0346","Realizar a Compra","cc0300 | cc0311 | cn0304 | oc0201 | oc0202 | oc0203 | oc0204"
Compras,SODCC02,2,"O usuário pode criar uma ordem fictícia e entrar uma fatura contra ela, provocando um pagamento inadequado",D,MEDIO,#FF8C00,#FFFF,"Solicitar Compra","cc0117 | cc0301 | cc0309 | cc0325 | ce0340 | ce0341 | ce0346","Aprovar Realização da Compra","cd1720a | oc0205"
Compras,SODCC02,2,"O usuário pode criar uma ordem fictícia e entrar uma fatura contra ela, provocando um pagamento inadequado",D,ALTO,#ff0000,#000000,"Solicitar Compra","cc0117 | cc0301 | cc0309 | cc0325 | ce0340 | ce0341 | ce0346","Alterar perfis de acesso para o recebimento",re0101
Compras,SODCC02,2,"O usuário pode criar uma ordem fictícia e entrar uma fatura contra ela, provocando um pagamento inadequado",D,ALTO,#ff0000,#000000,"Solicitar Compra","cc0117 | cc0301 | cc0309 | cc0325 | ce0340 | ce0341 | ce0346","Aprovar alterações de perfil de acesso para o recebimento",re0101
Compras,SODCC02,2,"O usuário pode criar uma ordem fictícia e entrar uma fatura contra ela, provocando um pagamento inadequado",D,ALTO,#ff0000,#000000,"Solicitar Compra","cc0117 | cc0301 | cc0309 | cc0325 | ce0340 | ce0341 | ce0346","Receber o material comprado fisicamente","re2001 | re2005 | re2006"
Compras,SODCC02,2,"O usuário pode criar uma ordem fictícia e entrar uma fatura contra ela, provocando um pagamento inadequado",D,ALTO,#ff0000,#000000,"Solicitar Compra","cc0117 | cc0301 | cc0309 | cc0325 | ce0340 | ce0341 | ce0346","Receber a nota fiscal","re0190 | re0402 | re1001 | re1005 | re2001"
Compras,SODCC02,2,"O usuário pode criar uma ordem fictícia e entrar uma fatura contra ela, provocando um pagamento inadequado",D,MEDIO,#FF8C00,#FFFF,"Solicitar Compra","cc0117 | cc0301 | cc0309 | cc0325 | ce0340 | ce0341 | ce0346","Integração Com O Contas a Pagar",re0404
Compras,SODCC02,2,"O usuário pode criar uma ordem fictícia e entrar uma fatura contra ela, provocando um pagamento inadequado",D,ALTO,#ff0000,#000000,"Solicitar Compra","cc0117 | cc0301 | cc0309 | cc0325 | ce0340 | ce0341 | ce0346","Registrar Título Manual","bas_antecip_pef_pend_pef | bas_lote_impl_tit_ap | bas_lote_impl_tit_ap_previsao"
Compras,SODCC02,2,"O usuário pode criar uma ordem fictícia e entrar uma fatura contra ela, provocando um pagamento inadequado",D,ALTO,#ff0000,#000000,"Solicitar Compra","cc0117 | cc0301 | cc0309 | cc0325 | ce0340 | ce0341 | ce0346","Registrar Adiantamento",bas_antecip_pef_pend
Compras,SODCC02,2,"O usuário pode criar uma ordem fictícia e entrar uma fatura contra ela, provocando um pagamento inadequado",D,MEDIO,#FF8C00,#FFFF,"Solicitar Compra","cc0117 | cc0301 | cc0309 | cc0325 | ce0340 | ce0341 | ce0346","Alteração de Valor Títulos",bas_tit_ap_alteracao
Compras,SODCC02,2,"O usuário pode criar uma ordem fictícia e entrar uma fatura contra ela, provocando um pagamento inadequado",D,MEDIO,#FF8C00,#FFFF,"Solicitar Compra","cc0117 | cc0301 | cc0309 | cc0325 | ce0340 | ce0341 | ce0346","Processo de Pagamento e Baixa de Títulos","bas_bord_ap | bas_bord_ap_confirmacao | bas_cheq_ap_confirmacao | bas_lote_pagto"
Compras,SODCC02,2,"O usuário pode criar uma ordem fictícia e entrar uma fatura contra ela, provocando um pagamento inadequado",D,MEDIO,#FF8C00,#FFFF,"Solicitar Compra","cc0117 | cc0301 | cc0309 | cc0325 | ce0340 | ce0341 | ce0346","Cancelamento de Títulos",bas_tit_ap_estorno
Compras,SODCC02,2,"O usuário pode criar uma ordem fictícia e entrar uma fatura contra ela, provocando um pagamento inadequado",D,ALTO,#ff0000,#000000,"Solicitar Compra","cc0117 | cc0301 | cc0309 | cc0325 | ce0340 | ce0341 | ce0346","Permissão para Inclusão/Alteração/Pagamento/Cancelamento",bas_usuar_financ_estab_apb
Compras,SODCC03,3,"O usuário pode criar uma ordem fictícia e uma entrada de mercadorias contra ela. Ao receber uma fatura fictícia, os itens combinarão e o pagamento inapropriado será feito.",D,ALTO,#ff0000,#000000,"Realizar a Compra","cc0300 | cc0311 | cn0304 | oc0201 | oc0202 | oc0203 | oc0204","Cadastrar Fornecedor","bas_fornecedor_fin | bas_fornec_financ | bas_fornec_financ_fin | bas_pessoa_fisic | bas_pessoa_jurid | bas_tip_fornec | bas_tip_fornec_fin | cd0401"
Compras,SODCC03,3,"O usuário pode criar uma ordem fictícia e uma entrada de mercadorias contra ela. Ao receber uma fatura fictícia, os itens combinarão e o pagamento inapropriado será feito.",D,ALTO,#ff0000,#000000,"Realizar a Compra","cc0300 | cc0311 | cn0304 | oc0201 | oc0202 | oc0203 | oc0204","Solicitar Compra","cc0117 | cc0301 | cc0309 | cc0325 | ce0340 | ce0341 | ce0346"
Compras,SODCC03,3,"O usuário pode criar uma ordem fictícia e uma entrada de mercadorias contra ela. Ao receber uma fatura fictícia, os itens combinarão e o pagamento inapropriado será feito.",D,MEDIO,#FF8C00,#FFFF,"Realizar a Compra","cc0300 | cc0311 | cn0304 | oc0201 | oc0202 | oc0203 | oc0204","Aprovar Realização da Compra","cd1720a | oc0205"
Compras,SODCC03,3,"O usuário pode criar uma ordem fictícia e uma entrada de mercadorias contra ela. Ao receber uma fatura fictícia, os itens combinarão e o pagamento inapropriado será feito.",D,ALTO,#ff0000,#000000,"Realizar a Compra","cc0300 | cc0311 | cn0304 | oc0201 | oc0202 | oc0203 | oc0204","Alterar perfis de acesso para o recebimento",re0101
Compras,SODCC03,3,"O usuário pode criar uma ordem fictícia e uma entrada de mercadorias contra ela. Ao receber uma fatura fictícia, os itens combinarão e o pagamento inapropriado será feito.",D,ALTO,#ff0000,#000000,"Realizar a Compra","cc0300 | cc0311 | cn0304 | oc0201 | oc0202 | oc0203 | oc0204","Aprovar alterações de perfil de acesso para o recebimento",re0101
Compras,SODCC03,3,"O usuário pode criar uma ordem fictícia e uma entrada de mercadorias contra ela. Ao receber uma fatura fictícia, os itens combinarão e o pagamento inapropriado será feito.",D,ALTO,#ff0000,#000000,"Realizar a Compra","cc0300 | cc0311 | cn0304 | oc0201 | oc0202 | oc0203 | oc0204","Receber o material comprado fisicamente","re2001 | re2005 | re2006"
Compras,SODCC03,3,"O usuário pode criar uma ordem fictícia e uma entrada de mercadorias contra ela. Ao receber uma fatura fictícia, os itens combinarão e o pagamento inapropriado será feito.",D,ALTO,#ff0000,#000000,"Realizar a Compra","cc0300 | cc0311 | cn0304 | oc0201 | oc0202 | oc0203 | oc0204","Receber a nota fiscal","re0190 | re0402 | re1001 | re1005 | re2001"
Compras,SODCC03,3,"O usuário pode criar uma ordem fictícia e uma entrada de mercadorias contra ela. Ao receber uma fatura fictícia, os itens combinarão e o pagamento inapropriado será feito.",D,MEDIO,#FF8C00,#FFFF,"Realizar a Compra","cc0300 | cc0311 | cn0304 | oc0201 | oc0202 | oc0203 | oc0204","Integração Com O Contas a Pagar",re0404
Compras,SODCC03,3,"O usuário pode criar uma ordem fictícia e uma entrada de mercadorias contra ela. Ao receber uma fatura fictícia, os itens combinarão e o pagamento inapropriado será feito.",D,ALTO,#ff0000,#000000,"Realizar a Compra","cc0300 | cc0311 | cn0304 | oc0201 | oc0202 | oc0203 | oc0204","Registrar Título Manual","bas_antecip_pef_pend_pef | bas_lote_impl_tit_ap | bas_lote_impl_tit_ap_previsao"
Compras,SODCC03,3,"O usuário pode criar uma ordem fictícia e uma entrada de mercadorias contra ela. Ao receber uma fatura fictícia, os itens combinarão e o pagamento inapropriado será feito.",D,ALTO,#ff0000,#000000,"Realizar a Compra","cc0300 | cc0311 | cn0304 | oc0201 | oc0202 | oc0203 | oc0204","Registrar Adiantamento",bas_antecip_pef_pend
Compras,SODCC03,3,"O usuário pode criar uma ordem fictícia e uma entrada de mercadorias contra ela. Ao receber uma fatura fictícia, os itens combinarão e o pagamento inapropriado será feito.",D,MEDIO,#FF8C00,#FFFF,"Realizar a Compra","cc0300 | cc0311 | cn0304 | oc0201 | oc0202 | oc0203 | oc0204","Alteração de Valor Títulos",bas_tit_ap_alteracao
Compras,SODCC03,3,"O usuário pode criar uma ordem fictícia e uma entrada de mercadorias contra ela. Ao receber uma fatura fictícia, os itens combinarão e o pagamento inapropriado será feito.",D,MEDIO,#FF8C00,#FFFF,"Realizar a Compra","cc0300 | cc0311 | cn0304 | oc0201 | oc0202 | oc0203 | oc0204","Processo de Pagamento e Baixa de Títulos","bas_bord_ap | bas_bord_ap_confirmacao | bas_cheq_ap_confirmacao | bas_lote_pagto"
Compras,SODCC03,3,"O usuário pode criar uma ordem fictícia e uma entrada de mercadorias contra ela. Ao receber uma fatura fictícia, os itens combinarão e o pagamento inapropriado será feito.",D,MEDIO,#FF8C00,#FFFF,"Realizar a Compra","cc0300 | cc0311 | cn0304 | oc0201 | oc0202 | oc0203 | oc0204","Cancelamento de Títulos",bas_tit_ap_estorno
Compras,SODCC03,3,"O usuário pode criar uma ordem fictícia e uma entrada de mercadorias contra ela. Ao receber uma fatura fictícia, os itens combinarão e o pagamento inapropriado será feito.",D,ALTO,#ff0000,#000000,"Realizar a Compra","cc0300 | cc0311 | cn0304 | oc0201 | oc0202 | oc0203 | oc0204","Permissão para Inclusão/Alteração/Pagamento/Cancelamento",bas_usuar_financ_estab_apb
Compras,SODCC03,3,"O usuário pode criar uma ordem fictícia e uma entrada de mercadorias contra ela. Ao receber uma fatura fictícia, os itens combinarão e o pagamento inapropriado será feito.",D,BAIXO,#3a309c,#f9f9f9,"Realizar a Compra","cc0300 | cc0311 | cn0304 | oc0201 | oc0202 | oc0203 | oc0204","Manutenção de Crédito de Clientes","cm0101 | cm0102 | cm0202"
Compras,SODCC04,4,"O usuário pode criar e aprovar uma ordem de compra.",D,BAIXO,#3a309c,#f9f9f9,"Aprovar Realização da Compra","cd1720a | oc0205","Aprovar Realização da Compra","cd1720a | oc0205"
Compras,SODCC04,4,"O usuário pode criar e aprovar uma ordem de compra.",D,BAIXO,#3a309c,#f9f9f9,"Aprovar Realização da Compra","cd1720a | oc0205","Manutenção de Crédito de Clientes","cm0101 | cm0102 | cm0202"
Compras,SODCC04,4,"O usuário pode criar e aprovar uma ordem de compra.",D,MEDIO,#FF8C00,#FFFF,"Aprovar Realização da Compra","cd1720a | oc0205","Realizar a Compra","cc0300 | cc0311 | cn0304 | oc0201 | oc0202 | oc0203 | oc0204"
Compras,SODCC04,4,"O usuário pode criar e aprovar uma ordem de compra.",D,MEDIO,#FF8C00,#FFFF,"Aprovar Realização da Compra","cd1720a | oc0205","Gera relatório da folha",fp4000
Compras,SODCC04,4,"O usuário pode criar e aprovar uma ordem de compra.",D,MEDIO,#FF8C00,#FFFF,"Aprovar Realização da Compra","cd1720a | oc0205","Cadastrar Fornecedor","bas_fornecedor_fin | bas_fornec_financ | bas_fornec_financ_fin | bas_pessoa_fisic | bas_pessoa_jurid | bas_tip_fornec | bas_tip_fornec_fin | cd0401"
Compras,SODCC04,4,"O usuário pode criar e aprovar uma ordem de compra.",D,MEDIO,#FF8C00,#FFFF,"Aprovar Realização da Compra","cd1720a | oc0205","Solicitar Compra","cc0117 | cc0301 | cc0309 | cc0325 | ce0340 | ce0341 | ce0346"
Compras,SODCC04,4,"O usuário pode criar e aprovar uma ordem de compra.",D,MEDIO,#FF8C00,#FFFF,"Aprovar Realização da Compra","cd1720a | oc0205","Alterar perfis de acesso para o recebimento",re0101
Compras,SODCC04,4,"O usuário pode criar e aprovar uma ordem de compra.",D,MEDIO,#FF8C00,#FFFF,"Aprovar Realização da Compra","cd1720a | oc0205","Aprovar alterações de perfil de acesso para o recebimento",re0101
Compras,SODCC04,4,"O usuário pode criar e aprovar uma ordem de compra.",D,MEDIO,#FF8C00,#FFFF,"Aprovar Realização da Compra","cd1720a | oc0205","Receber o material comprado fisicamente","re2001 | re2005 | re2006"
Compras,SODCC04,4,"O usuário pode criar e aprovar uma ordem de compra.",D,MEDIO,#FF8C00,#FFFF,"Aprovar Realização da Compra","cd1720a | oc0205","Receber a nota fiscal","re0190 | re0402 | re1001 | re1005 | re2001"
Compras,SODCC04,4,"O usuário pode criar e aprovar uma ordem de compra.",D,MEDIO,#FF8C00,#FFFF,"Aprovar Realização da Compra","cd1720a | oc0205","Integração Com O Contas a Pagar",re0404
Compras,SODCC04,4,"O usuário pode criar e aprovar uma ordem de compra.",D,MEDIO,#FF8C00,#FFFF,"Aprovar Realização da Compra","cd1720a | oc0205","Registrar Título Manual","bas_antecip_pef_pend_pef | bas_lote_impl_tit_ap | bas_lote_impl_tit_ap_previsao"
Compras,SODCC04,4,"O usuário pode criar e aprovar uma ordem de compra.",D,MEDIO,#FF8C00,#FFFF,"Aprovar Realização da Compra","cd1720a | oc0205","Registrar Adiantamento",bas_antecip_pef_pend
Compras,SODCC04,4,"O usuário pode criar e aprovar uma ordem de compra.",D,MEDIO,#FF8C00,#FFFF,"Aprovar Realização da Compra","cd1720a | oc0205","Alteração de Valor Títulos",bas_tit_ap_alteracao
Compras,SODCC04,4,"O usuário pode criar e aprovar uma ordem de compra.",D,MEDIO,#FF8C00,#FFFF,"Aprovar Realização da Compra","cd1720a | oc0205","Processo de Pagamento e Baixa de Títulos","bas_bord_ap | bas_bord_ap_confirmacao | bas_cheq_ap_confirmacao | bas_lote_pagto"
Compras,SODCC04,4,"O usuário pode criar e aprovar uma ordem de compra.",D,MEDIO,#FF8C00,#FFFF,"Aprovar Realização da Compra","cd1720a | oc0205","Cancelamento de Títulos",bas_tit_ap_estorno
Compras,SODCC04,4,"O usuário pode criar e aprovar uma ordem de compra.",D,MEDIO,#FF8C00,#FFFF,"Aprovar Realização da Compra","cd1720a | oc0205","Permissão para Inclusão/Alteração/Pagamento/Cancelamento",bas_usuar_financ_estab_apb
Compras,SODRE01,5,"O usuário poderá crria e alterar perfis ficticios",D,ALTO,#ff0000,#000000,"Alterar perfis de acesso para o recebimento",re0101,"Cadastrar Fornecedor","bas_fornecedor_fin | bas_fornec_financ | bas_fornec_financ_fin | bas_pessoa_fisic | bas_pessoa_jurid | bas_tip_fornec | bas_tip_fornec_fin | cd0401"
Compras,SODRE01,5,"O usuário poderá crria e alterar perfis ficticios",D,ALTO,#ff0000,#000000,"Alterar perfis de acesso para o recebimento",re0101,"Solicitar Compra","cc0117 | cc0301 | cc0309 | cc0325 | ce0340 | ce0341 | ce0346"
Compras,SODRE01,5,"O usuário poderá crria e alterar perfis ficticios",D,ALTO,#ff0000,#000000,"Alterar perfis de acesso para o recebimento",re0101,"Realizar a Compra","cc0300 | cc0311 | cn0304 | oc0201 | oc0202 | oc0203 | oc0204"
Compras,SODRE01,5,"O usuário poderá crria e alterar perfis ficticios",D,MEDIO,#FF8C00,#FFFF,"Alterar perfis de acesso para o recebimento",re0101,"Aprovar Realização da Compra","cd1720a | oc0205"
Compras,SODRE01,5,"O usuário poderá crria e alterar perfis ficticios",D,ALTO,#ff0000,#000000,"Alterar perfis de acesso para o recebimento",re0101,"Aprovar alterações de perfil de acesso para o recebimento",re0101
Compras,SODRE01,5,"O usuário poderá crria e alterar perfis ficticios",D,ALTO,#ff0000,#000000,"Alterar perfis de acesso para o recebimento",re0101,"Receber o material comprado fisicamente","re2001 | re2005 | re2006"
Compras,SODRE01,5,"O usuário poderá crria e alterar perfis ficticios",D,ALTO,#ff0000,#000000,"Alterar perfis de acesso para o recebimento",re0101,"Receber a nota fiscal","re0190 | re0402 | re1001 | re1005 | re2001"
Compras,SODRE01,5,"O usuário poderá crria e alterar perfis ficticios",D,ALTO,#ff0000,#000000,"Alterar perfis de acesso para o recebimento",re0101,"Registrar Título Manual","bas_antecip_pef_pend_pef | bas_lote_impl_tit_ap | bas_lote_impl_tit_ap_previsao"
Compras,SODRE01,5,"O usuário poderá crria e alterar perfis ficticios",D,ALTO,#ff0000,#000000,"Alterar perfis de acesso para o recebimento",re0101,"Registrar Adiantamento",bas_antecip_pef_pend
Compras,SODRE01,5,"O usuário poderá crria e alterar perfis ficticios",D,MEDIO,#FF8C00,#FFFF,"Alterar perfis de acesso para o recebimento",re0101,"Integração Com O Contas a Pagar",re0404
Compras,SODRE01,5,"O usuário poderá crria e alterar perfis ficticios",D,MEDIO,#FF8C00,#FFFF,"Alterar perfis de acesso para o recebimento",re0101,"Alteração de Valor Títulos",bas_tit_ap_alteracao
Compras,SODRE01,5,"O usuário poderá crria e alterar perfis ficticios",D,MEDIO,#FF8C00,#FFFF,"Alterar perfis de acesso para o recebimento",re0101,"Processo de Pagamento e Baixa de Títulos","bas_bord_ap | bas_bord_ap_confirmacao | bas_cheq_ap_confirmacao | bas_lote_pagto"
Compras,SODRE01,5,"O usuário poderá crria e alterar perfis ficticios",D,MEDIO,#FF8C00,#FFFF,"Alterar perfis de acesso para o recebimento",re0101,"Cancelamento de Títulos",bas_tit_ap_estorno
Compras,SODRE01,5,"O usuário poderá crria e alterar perfis ficticios",D,ALTO,#ff0000,#000000,"Alterar perfis de acesso para o recebimento",re0101,"Permissão para Inclusão/Alteração/Pagamento/Cancelamento",bas_usuar_financ_estab_apb
Compras,SODRE02,6,"O usuário poderá crria e alterar perfis ficticios",D,MEDIO,#FF8C00,#FFFF,"Aprovar alterações de perfil de acesso para o recebimento",re0101,"Relaciona beneficio ao funcionario",bs0520
Compras,SODRE02,6,"O usuário poderá crria e alterar perfis ficticios",D,ALTO,#ff0000,#000000,"Aprovar alterações de perfil de acesso para o recebimento",re0101,"Cadastrar Fornecedor","bas_fornecedor_fin | bas_fornec_financ | bas_fornec_financ_fin | bas_pessoa_fisic | bas_pessoa_jurid | bas_tip_fornec | bas_tip_fornec_fin | cd0401"
Compras,SODRE02,6,"O usuário poderá crria e alterar perfis ficticios",D,ALTO,#ff0000,#000000,"Aprovar alterações de perfil de acesso para o recebimento",re0101,"Solicitar Compra","cc0117 | cc0301 | cc0309 | cc0325 | ce0340 | ce0341 | ce0346"
Compras,SODRE02,6,"O usuário poderá crria e alterar perfis ficticios",D,ALTO,#ff0000,#000000,"Aprovar alterações de perfil de acesso para o recebimento",re0101,"Realizar a Compra","cc0300 | cc0311 | cn0304 | oc0201 | oc0202 | oc0203 | oc0204"
Compras,SODRE02,6,"O usuário poderá crria e alterar perfis ficticios",D,MEDIO,#FF8C00,#FFFF,"Aprovar alterações de perfil de acesso para o recebimento",re0101,"Aprovar Realização da Compra","cd1720a | oc0205"
Compras,SODRE02,6,"O usuário poderá crria e alterar perfis ficticios",D,ALTO,#ff0000,#000000,"Aprovar alterações de perfil de acesso para o recebimento",re0101,"Alterar perfis de acesso para o recebimento",re0101
Compras,SODRE02,6,"O usuário poderá crria e alterar perfis ficticios",D,ALTO,#ff0000,#000000,"Aprovar alterações de perfil de acesso para o recebimento",re0101,"Receber o material comprado fisicamente","re2001 | re2005 | re2006"
Compras,SODRE02,6,"O usuário poderá crria e alterar perfis ficticios",D,ALTO,#ff0000,#000000,"Aprovar alterações de perfil de acesso para o recebimento",re0101,"Receber a nota fiscal","re0190 | re0402 | re1001 | re1005 | re2001"
Compras,SODRE02,6,"O usuário poderá crria e alterar perfis ficticios",D,MEDIO,#FF8C00,#FFFF,"Aprovar alterações de perfil de acesso para o recebimento",re0101,"Integração Com O Contas a Pagar",re0404
Compras,SODRE02,6,"O usuário poderá crria e alterar perfis ficticios",D,ALTO,#ff0000,#000000,"Aprovar alterações de perfil de acesso para o recebimento",re0101,"Registrar Título Manual","bas_antecip_pef_pend_pef | bas_lote_impl_tit_ap | bas_lote_impl_tit_ap_previsao"
Compras,SODRE02,6,"O usuário poderá crria e alterar perfis ficticios",D,ALTO,#ff0000,#000000,"Aprovar alterações de perfil de acesso para o recebimento",re0101,"Registrar Adiantamento",bas_antecip_pef_pend
Compras,SODRE02,6,"O usuário poderá crria e alterar perfis ficticios",D,MEDIO,#FF8C00,#FFFF,"Aprovar alterações de perfil de acesso para o recebimento",re0101,"Alteração de Valor Títulos",bas_tit_ap_alteracao
Compras,SODRE02,6,"O usuário poderá crria e alterar perfis ficticios",D,MEDIO,#FF8C00,#FFFF,"Aprovar alterações de perfil de acesso para o recebimento",re0101,"Processo de Pagamento e Baixa de Títulos","bas_bord_ap | bas_bord_ap_confirmacao | bas_cheq_ap_confirmacao | bas_lote_pagto"
Compras,SODRE02,6,"O usuário poderá crria e alterar perfis ficticios",D,MEDIO,#FF8C00,#FFFF,"Aprovar alterações de perfil de acesso para o recebimento",re0101,"Cancelamento de Títulos",bas_tit_ap_estorno
Compras,SODRE02,6,"O usuário poderá crria e alterar perfis ficticios",D,ALTO,#ff0000,#000000,"Aprovar alterações de perfil de acesso para o recebimento",re0101,"Permissão para Inclusão/Alteração/Pagamento/Cancelamento",bas_usuar_financ_estab_apb
Compras,SODRE03,7,"Um usuário pode publicar ou alterar uma entrada de mercadorias fictícia ou incorreta e criar / alterar um documento / contagem de inventário para ocultar o engano ou limpar a contagem de inventário para ocultar o engano.",D,ALTO,#ff0000,#000000,"Receber o material comprado fisicamente","re2001 | re2005 | re2006","Cadastrar Fornecedor","bas_fornecedor_fin | bas_fornec_financ | bas_fornec_financ_fin | bas_pessoa_fisic | bas_pessoa_jurid | bas_tip_fornec | bas_tip_fornec_fin | cd0401"
Compras,SODRE03,7,"Um usuário pode publicar ou alterar uma entrada de mercadorias fictícia ou incorreta e criar / alterar um documento / contagem de inventário para ocultar o engano ou limpar a contagem de inventário para ocultar o engano.",D,ALTO,#ff0000,#000000,"Receber o material comprado fisicamente","re2001 | re2005 | re2006","Solicitar Compra","cc0117 | cc0301 | cc0309 | cc0325 | ce0340 | ce0341 | ce0346"
Compras,SODRE03,7,"Um usuário pode publicar ou alterar uma entrada de mercadorias fictícia ou incorreta e criar / alterar um documento / contagem de inventário para ocultar o engano ou limpar a contagem de inventário para ocultar o engano.",D,ALTO,#ff0000,#000000,"Receber o material comprado fisicamente","re2001 | re2005 | re2006","Realizar a Compra","cc0300 | cc0311 | cn0304 | oc0201 | oc0202 | oc0203 | oc0204"
Compras,SODRE03,7,"Um usuário pode publicar ou alterar uma entrada de mercadorias fictícia ou incorreta e criar / alterar um documento / contagem de inventário para ocultar o engano ou limpar a contagem de inventário para ocultar o engano.",D,MEDIO,#FF8C00,#FFFF,"Receber o material comprado fisicamente","re2001 | re2005 | re2006","Aprovar Realização da Compra","cd1720a | oc0205"
Compras,SODRE03,7,"Um usuário pode publicar ou alterar uma entrada de mercadorias fictícia ou incorreta e criar / alterar um documento / contagem de inventário para ocultar o engano ou limpar a contagem de inventário para ocultar o engano.",D,ALTO,#ff0000,#000000,"Receber o material comprado fisicamente","re2001 | re2005 | re2006","Alterar perfis de acesso para o recebimento",re0101
Compras,SODRE03,7,"Um usuário pode publicar ou alterar uma entrada de mercadorias fictícia ou incorreta e criar / alterar um documento / contagem de inventário para ocultar o engano ou limpar a contagem de inventário para ocultar o engano.",D,ALTO,#ff0000,#000000,"Receber o material comprado fisicamente","re2001 | re2005 | re2006","Aprovar alterações de perfil de acesso para o recebimento",re0101
Compras,SODRE03,7,"Um usuário pode publicar ou alterar uma entrada de mercadorias fictícia ou incorreta e criar / alterar um documento / contagem de inventário para ocultar o engano ou limpar a contagem de inventário para ocultar o engano.",D,ALTO,#ff0000,#000000,"Receber o material comprado fisicamente","re2001 | re2005 | re2006","Receber a nota fiscal","re0190 | re0402 | re1001 | re1005 | re2001"
Compras,SODRE03,7,"Um usuário pode publicar ou alterar uma entrada de mercadorias fictícia ou incorreta e criar / alterar um documento / contagem de inventário para ocultar o engano ou limpar a contagem de inventário para ocultar o engano.",D,MEDIO,#FF8C00,#FFFF,"Receber o material comprado fisicamente","re2001 | re2005 | re2006","Integração Com O Contas a Pagar",re0404
Compras,SODRE03,7,"Um usuário pode publicar ou alterar uma entrada de mercadorias fictícia ou incorreta e criar / alterar um documento / contagem de inventário para ocultar o engano ou limpar a contagem de inventário para ocultar o engano.",D,ALTO,#ff0000,#000000,"Receber o material comprado fisicamente","re2001 | re2005 | re2006","Registrar Título Manual","bas_antecip_pef_pend_pef | bas_lote_impl_tit_ap | bas_lote_impl_tit_ap_previsao"
Compras,SODRE03,7,"Um usuário pode publicar ou alterar uma entrada de mercadorias fictícia ou incorreta e criar / alterar um documento / contagem de inventário para ocultar o engano ou limpar a contagem de inventário para ocultar o engano.",D,ALTO,#ff0000,#000000,"Receber o material comprado fisicamente","re2001 | re2005 | re2006","Registrar Adiantamento",bas_antecip_pef_pend
Compras,SODRE03,7,"Um usuário pode publicar ou alterar uma entrada de mercadorias fictícia ou incorreta e criar / alterar um documento / contagem de inventário para ocultar o engano ou limpar a contagem de inventário para ocultar o engano.",D,MEDIO,#FF8C00,#FFFF,"Receber o material comprado fisicamente","re2001 | re2005 | re2006","Alteração de Valor Títulos",bas_tit_ap_alteracao
Compras,SODRE03,7,"Um usuário pode publicar ou alterar uma entrada de mercadorias fictícia ou incorreta e criar / alterar um documento / contagem de inventário para ocultar o engano ou limpar a contagem de inventário para ocultar o engano.",D,MEDIO,#FF8C00,#FFFF,"Receber o material comprado fisicamente","re2001 | re2005 | re2006","Processo de Pagamento e Baixa de Títulos","bas_bord_ap | bas_bord_ap_confirmacao | bas_cheq_ap_confirmacao | bas_lote_pagto"
Compras,SODRE03,7,"Um usuário pode publicar ou alterar uma entrada de mercadorias fictícia ou incorreta e criar / alterar um documento / contagem de inventário para ocultar o engano ou limpar a contagem de inventário para ocultar o engano.",D,MEDIO,#FF8C00,#FFFF,"Receber o material comprado fisicamente","re2001 | re2005 | re2006","Cancelamento de Títulos",bas_tit_ap_estorno
Compras,SODRE03,7,"Um usuário pode publicar ou alterar uma entrada de mercadorias fictícia ou incorreta e criar / alterar um documento / contagem de inventário para ocultar o engano ou limpar a contagem de inventário para ocultar o engano.",D,ALTO,#ff0000,#000000,"Receber o material comprado fisicamente","re2001 | re2005 | re2006","Permissão para Inclusão/Alteração/Pagamento/Cancelamento",bas_usuar_financ_estab_apb
Compras,SODRE03,7,"Um usuário pode publicar ou alterar uma entrada de mercadorias fictícia ou incorreta e criar / alterar um documento / contagem de inventário para ocultar o engano ou limpar a contagem de inventário para ocultar o engano.",D,MEDIO,#FF8C00,#FFFF,"Receber o material comprado fisicamente","re2001 | re2005 | re2006","Manutenção Dados Mestre de Bancos","bas_banco | bas_cta_corren | bas_portador | bas_portad_bco | bas_portad_edi | bas_portad_finalid_econ | bas_talon_cheq"
Compras,SODRE04,8,"O usuário pode manter os recibos de mercadorias e as faturas para apropriar-se indevidamente de bens e / ou desencadear o pagamento inadequado ao fornecedor. Um usuário pode publicar ou alterar uma entrada de mercadorias fictícia ou incorreta e, em seguida, usar uma questão de mercadorias para ocultar o engano. O vendedor receberia o pagamento do recibo gravado em excesso.",D,MEDIO,#FF8C00,#FFFF,"Receber a nota fiscal","re0190 | re0402 | re1001 | re1005 | re2001","Cadastrar Cliente","bas_cliente_fin | bas_cliente_lib_pedido | bas_cliente_negoc_titulos | bas_cliente_novo | bas_pessoa_fisic | bas_pessoa_jurid_tec | bas_unid_negoc | cd0704 | cd1510 | pd0507"
Compras,SODRE04,8,"O usuário pode manter os recibos de mercadorias e as faturas para apropriar-se indevidamente de bens e / ou desencadear o pagamento inadequado ao fornecedor. Um usuário pode publicar ou alterar uma entrada de mercadorias fictícia ou incorreta e, em seguida, usar uma questão de mercadorias para ocultar o engano. O vendedor receberia o pagamento do recibo gravado em excesso.",D,BAIXO,#3a309c,#f9f9f9,"Receber a nota fiscal","re0190 | re0402 | re1001 | re1005 | re2001","Cadastrar Fornecedor","bas_fornecedor_fin | bas_fornec_financ | bas_fornec_financ_fin | bas_pessoa_fisic | bas_pessoa_jurid | bas_tip_fornec | bas_tip_fornec_fin | cd0401"
Compras,SODRE04,8,"O usuário pode manter os recibos de mercadorias e as faturas para apropriar-se indevidamente de bens e / ou desencadear o pagamento inadequado ao fornecedor. Um usuário pode publicar ou alterar uma entrada de mercadorias fictícia ou incorreta e, em seguida, usar uma questão de mercadorias para ocultar o engano. O vendedor receberia o pagamento do recibo gravado em excesso.",D,ALTO,#ff0000,#000000,"Receber a nota fiscal","re0190 | re0402 | re1001 | re1005 | re2001","Solicitar Compra","cc0117 | cc0301 | cc0309 | cc0325 | ce0340 | ce0341 | ce0346"
Compras,SODRE04,8,"O usuário pode manter os recibos de mercadorias e as faturas para apropriar-se indevidamente de bens e / ou desencadear o pagamento inadequado ao fornecedor. Um usuário pode publicar ou alterar uma entrada de mercadorias fictícia ou incorreta e, em seguida, usar uma questão de mercadorias para ocultar o engano. O vendedor receberia o pagamento do recibo gravado em excesso.",D,ALTO,#ff0000,#000000,"Receber a nota fiscal","re0190 | re0402 | re1001 | re1005 | re2001","Realizar a Compra","cc0300 | cc0311 | cn0304 | oc0201 | oc0202 | oc0203 | oc0204"
Compras,SODRE04,8,"O usuário pode manter os recibos de mercadorias e as faturas para apropriar-se indevidamente de bens e / ou desencadear o pagamento inadequado ao fornecedor. Um usuário pode publicar ou alterar uma entrada de mercadorias fictícia ou incorreta e, em seguida, usar uma questão de mercadorias para ocultar o engano. O vendedor receberia o pagamento do recibo gravado em excesso.",D,MEDIO,#FF8C00,#FFFF,"Receber a nota fiscal","re0190 | re0402 | re1001 | re1005 | re2001","Aprovar Realização da Compra","cd1720a | oc0205"
Compras,SODRE04,8,"O usuário pode manter os recibos de mercadorias e as faturas para apropriar-se indevidamente de bens e / ou desencadear o pagamento inadequado ao fornecedor. Um usuário pode publicar ou alterar uma entrada de mercadorias fictícia ou incorreta e, em seguida, usar uma questão de mercadorias para ocultar o engano. O vendedor receberia o pagamento do recibo gravado em excesso.",D,ALTO,#ff0000,#000000,"Receber a nota fiscal","re0190 | re0402 | re1001 | re1005 | re2001","Alterar perfis de acesso para o recebimento",re0101
Compras,SODRE04,8,"O usuário pode manter os recibos de mercadorias e as faturas para apropriar-se indevidamente de bens e / ou desencadear o pagamento inadequado ao fornecedor. Um usuário pode publicar ou alterar uma entrada de mercadorias fictícia ou incorreta e, em seguida, usar uma questão de mercadorias para ocultar o engano. O vendedor receberia o pagamento do recibo gravado em excesso.",D,ALTO,#ff0000,#000000,"Receber a nota fiscal","re0190 | re0402 | re1001 | re1005 | re2001","Aprovar alterações de perfil de acesso para o recebimento",re0101
Compras,SODRE04,8,"O usuário pode manter os recibos de mercadorias e as faturas para apropriar-se indevidamente de bens e / ou desencadear o pagamento inadequado ao fornecedor. Um usuário pode publicar ou alterar uma entrada de mercadorias fictícia ou incorreta e, em seguida, usar uma questão de mercadorias para ocultar o engano. O vendedor receberia o pagamento do recibo gravado em excesso.",D,ALTO,#ff0000,#000000,"Receber a nota fiscal","re0190 | re0402 | re1001 | re1005 | re2001","Receber o material comprado fisicamente","re2001 | re2005 | re2006"
Compras,SODRE04,8,"O usuário pode manter os recibos de mercadorias e as faturas para apropriar-se indevidamente de bens e / ou desencadear o pagamento inadequado ao fornecedor. Um usuário pode publicar ou alterar uma entrada de mercadorias fictícia ou incorreta e, em seguida, usar uma questão de mercadorias para ocultar o engano. O vendedor receberia o pagamento do recibo gravado em excesso.",D,MEDIO,#FF8C00,#FFFF,"Receber a nota fiscal","re0190 | re0402 | re1001 | re1005 | re2001","Integração Com O Contas a Pagar",re0404
Compras,SODRE04,8,"O usuário pode manter os recibos de mercadorias e as faturas para apropriar-se indevidamente de bens e / ou desencadear o pagamento inadequado ao fornecedor. Um usuário pode publicar ou alterar uma entrada de mercadorias fictícia ou incorreta e, em seguida, usar uma questão de mercadorias para ocultar o engano. O vendedor receberia o pagamento do recibo gravado em excesso.",D,ALTO,#ff0000,#000000,"Receber a nota fiscal","re0190 | re0402 | re1001 | re1005 | re2001","Registrar Título Manual","bas_antecip_pef_pend_pef | bas_lote_impl_tit_ap | bas_lote_impl_tit_ap_previsao"
Compras,SODRE04,8,"O usuário pode manter os recibos de mercadorias e as faturas para apropriar-se indevidamente de bens e / ou desencadear o pagamento inadequado ao fornecedor. Um usuário pode publicar ou alterar uma entrada de mercadorias fictícia ou incorreta e, em seguida, usar uma questão de mercadorias para ocultar o engano. O vendedor receberia o pagamento do recibo gravado em excesso.",D,ALTO,#ff0000,#000000,"Receber a nota fiscal","re0190 | re0402 | re1001 | re1005 | re2001","Registrar Adiantamento",bas_antecip_pef_pend
Compras,SODRE04,8,"O usuário pode manter os recibos de mercadorias e as faturas para apropriar-se indevidamente de bens e / ou desencadear o pagamento inadequado ao fornecedor. Um usuário pode publicar ou alterar uma entrada de mercadorias fictícia ou incorreta e, em seguida, usar uma questão de mercadorias para ocultar o engano. O vendedor receberia o pagamento do recibo gravado em excesso.",D,MEDIO,#FF8C00,#FFFF,"Receber a nota fiscal","re0190 | re0402 | re1001 | re1005 | re2001","Alteração de Valor Títulos",bas_tit_ap_alteracao
Compras,SODRE04,8,"O usuário pode manter os recibos de mercadorias e as faturas para apropriar-se indevidamente de bens e / ou desencadear o pagamento inadequado ao fornecedor. Um usuário pode publicar ou alterar uma entrada de mercadorias fictícia ou incorreta e, em seguida, usar uma questão de mercadorias para ocultar o engano. O vendedor receberia o pagamento do recibo gravado em excesso.",D,MEDIO,#FF8C00,#FFFF,"Receber a nota fiscal","re0190 | re0402 | re1001 | re1005 | re2001","Processo de Pagamento e Baixa de Títulos","bas_bord_ap | bas_bord_ap_confirmacao | bas_cheq_ap_confirmacao | bas_lote_pagto"
Compras,SODRE04,8,"O usuário pode manter os recibos de mercadorias e as faturas para apropriar-se indevidamente de bens e / ou desencadear o pagamento inadequado ao fornecedor. Um usuário pode publicar ou alterar uma entrada de mercadorias fictícia ou incorreta e, em seguida, usar uma questão de mercadorias para ocultar o engano. O vendedor receberia o pagamento do recibo gravado em excesso.",D,MEDIO,#FF8C00,#FFFF,"Receber a nota fiscal","re0190 | re0402 | re1001 | re1005 | re2001","Cancelamento de Títulos",bas_tit_ap_estorno
Compras,SODRE04,8,"O usuário pode manter os recibos de mercadorias e as faturas para apropriar-se indevidamente de bens e / ou desencadear o pagamento inadequado ao fornecedor. Um usuário pode publicar ou alterar uma entrada de mercadorias fictícia ou incorreta e, em seguida, usar uma questão de mercadorias para ocultar o engano. O vendedor receberia o pagamento do recibo gravado em excesso.",D,ALTO,#ff0000,#000000,"Receber a nota fiscal","re0190 | re0402 | re1001 | re1005 | re2001","Permissão para Inclusão/Alteração/Pagamento/Cancelamento",bas_usuar_financ_estab_apb
Compras,SODRE05,9,"O usuário pode processar uma fatura fictícia e processar um pagamento pela fatura.",D,ALTO,#ff0000,#000000,"Integração Com O Contas a Pagar",re0404,"Cadastrar Fornecedor","bas_fornecedor_fin | bas_fornec_financ | bas_fornec_financ_fin | bas_pessoa_fisic | bas_pessoa_jurid | bas_tip_fornec | bas_tip_fornec_fin | cd0401"
Compras,SODRE05,9,"O usuário pode processar uma fatura fictícia e processar um pagamento pela fatura.",D,ALTO,#ff0000,#000000,"Integração Com O Contas a Pagar",re0404,"Solicitar Compra","cc0117 | cc0301 | cc0309 | cc0325 | ce0340 | ce0341 | ce0346"
Compras,SODRE05,9,"O usuário pode processar uma fatura fictícia e processar um pagamento pela fatura.",D,ALTO,#ff0000,#000000,"Integração Com O Contas a Pagar",re0404,"Realizar a Compra","cc0300 | cc0311 | cn0304 | oc0201 | oc0202 | oc0203 | oc0204"
Compras,SODRE05,9,"O usuário pode processar uma fatura fictícia e processar um pagamento pela fatura.",D,MEDIO,#FF8C00,#FFFF,"Integração Com O Contas a Pagar",re0404,"Aprovar Realização da Compra","cd1720a | oc0205"
Compras,SODRE05,9,"O usuário pode processar uma fatura fictícia e processar um pagamento pela fatura.",D,ALTO,#ff0000,#000000,"Integração Com O Contas a Pagar",re0404,"Alterar perfis de acesso para o recebimento",re0101
Compras,SODRE05,9,"O usuário pode processar uma fatura fictícia e processar um pagamento pela fatura.",D,ALTO,#ff0000,#000000,"Integração Com O Contas a Pagar",re0404,"Aprovar alterações de perfil de acesso para o recebimento",re0101
Compras,SODRE05,9,"O usuário pode processar uma fatura fictícia e processar um pagamento pela fatura.",D,ALTO,#ff0000,#000000,"Integração Com O Contas a Pagar",re0404,"Receber o material comprado fisicamente","re2001 | re2005 | re2006"
Compras,SODRE05,9,"O usuário pode processar uma fatura fictícia e processar um pagamento pela fatura.",D,ALTO,#ff0000,#000000,"Integração Com O Contas a Pagar",re0404,"Receber a nota fiscal","re0190 | re0402 | re1001 | re1005 | re2001"
Compras,SODRE05,9,"O usuário pode processar uma fatura fictícia e processar um pagamento pela fatura.",D,ALTO,#ff0000,#000000,"Integração Com O Contas a Pagar",re0404,"Registrar Título Manual","bas_antecip_pef_pend_pef | bas_lote_impl_tit_ap | bas_lote_impl_tit_ap_previsao"
Compras,SODRE05,9,"O usuário pode processar uma fatura fictícia e processar um pagamento pela fatura.",D,ALTO,#ff0000,#000000,"Integração Com O Contas a Pagar",re0404,"Registrar Adiantamento",bas_antecip_pef_pend
Compras,SODRE05,9,"O usuário pode processar uma fatura fictícia e processar um pagamento pela fatura.",D,MEDIO,#FF8C00,#FFFF,"Integração Com O Contas a Pagar",re0404,"Alteração de Valor Títulos",bas_tit_ap_alteracao
Compras,SODRE05,9,"O usuário pode processar uma fatura fictícia e processar um pagamento pela fatura.",D,MEDIO,#FF8C00,#FFFF,"Integração Com O Contas a Pagar",re0404,"Processo de Pagamento e Baixa de Títulos","bas_bord_ap | bas_bord_ap_confirmacao | bas_cheq_ap_confirmacao | bas_lote_pagto"
Compras,SODRE05,9,"O usuário pode processar uma fatura fictícia e processar um pagamento pela fatura.",D,MEDIO,#FF8C00,#FFFF,"Integração Com O Contas a Pagar",re0404,"Cancelamento de Títulos",bas_tit_ap_estorno
Compras,SODRE05,9,"O usuário pode processar uma fatura fictícia e processar um pagamento pela fatura.",D,ALTO,#ff0000,#000000,"Integração Com O Contas a Pagar",re0404,"Permissão para Inclusão/Alteração/Pagamento/Cancelamento",bas_usuar_financ_estab_apb
Compras,CM01,75,"Manutenção Dados Mestre Fornecedor",D,ALTO,#ff0000,#000000,"Manutenção Dados Mestre Fornecedor","bas_fornecedor | cd0401 | cd0402","Manutenção Dados Mestre Fornecedor","bas_fornecedor | cd0401 | cd0402"
Compras,CM03,77,"Aprovar a compra de serviços",D,ALTO,#ff0000,#000000,"Aceitação de Serviço (Medição)",cn0302b,"Aceitação de Serviço (Medição)",cn0302b
Compras,CM05,79,"Manter fornecedor e inserir fatura de fornecedor para pagamento automático.",D,ALTO,#ff0000,#000000,"Manutenção Dados Mestre Fornecedor","bas_fornecedor | cd0401 | cd0402","Entrar Faturas Fornecedores","re0402 | re1001"
Compras,CM06,80,"Comprar itens não autorizados e iniciar o pagamento por faturamento.",D,ALTO,#ff0000,#000000,"Manutenção Pedido de Compra","cc0300 | cc0301 | cc0311 | cc0325 | ce0341 | cn0301","Entrar Faturas Fornecedores","re0402 | re1001"
Compras,CM07,81,"Inser pedidos para uso pessoal e aceitar mercadorias via nota de recebimento.",D,ALTO,#ff0000,#000000,"Manutenção Pedido de Compra","cc0300 | cc0301 | cc0311 | cc0325 | cc0604 | ce0341 | cn0301","Entrada Mercadadorias (Pedido de Compras)",re2001
Compras,CM08,82,"Inserir um pedido e inserir um pagamento de cobertura.",D,ALTO,#ff0000,#000000,"Manutenção Pedido de Compra","cc0300 | cc0301 | cc0311 | cc0325 | cc0604 | ce0341 | cn0301","Pagamentos (Contas a Pagar)","bas_antecip_pef_pend_pef | bas_bord_ap | bas_bord_ap_confirmacao | bas_bord_ap_enviar_msg_edi | bas_bord_ap_impressao | bas_cheq_ap_confirmacao | bas_lote_impl_tit_ap | bas_lote_pagto | bas_lote_pagto_enctro_ctas | bas_proces_pagto_prepar_pagto | fnc_cheq_ap_emissao | rpt_bord_ap_ret_pagto_escr"
Compras,CM09,83,"Criar um fornecedor e iniciar compras desse fornecedor.",D,ALTO,#ff0000,#000000,"PR01 Manutenção Dados Mestre Fornecedor","bas_fornecedor | cd0401 | cd0402","Manutenção Pedido de Compra","cc0300 | cc0301 | cc0311 | cc0325 | ce0341 | cn0301"
Compras,CM10,84,"Suprir um item incorretamente e manipular as contagens do estoque físico para ocultar.",D,ALTO,#ff0000,#000000,"Manutenção Pedido de Compra","cc0300 | cc0301 | cc0311 | cc0325 | cc0604 | ce0341 | cn0301","Entrar Contagem Inventário","ce0712 | ce9120"
Compras,CM11,85,"Risco de modificar ou adicionar dados mestres de serviço/materiais (adicionar item que normalmente não é solicitado pela empresa) e depois criar/alterar requisições.",D,MEDIO,#FF8C00,#FFFF,"Manutenção Dados Mestre Materiais","cc0103 | cc0120 | cd0138 | cd0140 | cd0147 | cd0204 | cd0224 | cd0903 | cd1107 | cd1112 | cd1508 | ce0106 | ce0330 | cq0117 | cq0118 | cq0119 | cq0608 | en0105 | re0106 | re0115","Requisição de Compra",NULL
Compras,CM12,86,"Adicionar itens ao arquivo mestre de material ou serviço e criar pedidos fraudulentos para esses itens.",D,MEDIO,#FF8C00,#FFFF,"Manutenção Dados Mestre Materiais","cc0103 | cc0120 | cd0138 | cd0140 | cd0147 | cd0204 | cd0224 | cd0903 | cd1107 | cd1112 | cd1508 | ce0106 | ce0330 | cq0117 | cq0118 | cq0119 | cq0608 | en0105 | re0106 | re0115","Manutenção Pedido de Compra","cc0300 | cc0301 | cc0311 | cc0325 | ce0341 | cn0301"
Compras,CM13,87,"Receber ou aceitar serviços e depois inserir pagamentos de cobertura.",D,ALTO,#ff0000,#000000,"Aceitação de Serviço (Medição)",cn0302b,"Pagamentos (Contas a Pagar)","bas_antecip_pef_pend_pef | bas_bord_ap | bas_bord_ap_confirmacao | bas_bord_ap_enviar_msg_edi | bas_bord_ap_impressao | bas_cheq_ap_confirmacao | bas_lote_impl_tit_ap | bas_lote_pagto | bas_lote_pagto_enctro_ctas | bas_proces_pagto_prepar_pagto | fnc_cheq_ap_emissao | rpt_bord_ap_ret_pagto_escr"
Compras,CM14,88,"Inserir pedidos e aceitar os serviços através da aceitação de serviços",D,ALTO,#ff0000,#000000,"Manutenção Pedido de Compra","cc0300 | cc0301 | cc0311 | cc0325 | cc0604 | ce0341 | cn0301","Aceitação de Serviço (Medição)",cn0302b
Compras,CM15,89,"Adicionar um item no arquivo mestre de material ou serviço e em seguida adicionar fraudulentamente esses itens a contratos compra.",D,MEDIO,#FF8C00,#FFFF,"Manutenção Dados Mestre Materiais","cc0103 | cc0120 | cd0138 | cd0140 | cd0147 | cd0204 | cd0224 | cd0903 | cd1107 | cd1112 | cd1508 | ce0106 | ce0330 | cq0117 | cq0118 | cq0119 | cq0608 | en0105 | re0106 | re0115","Acordos de Compras","cn0201 | cn0203 | cn0206 | cn0301 | cn0304"
Compras,CM16,90,"Aprovar a compra de mercadorias e ocultar a utilização incorreta do estoque por meio de um recebimento incompleto.",D,ALTO,#ff0000,#000000,"Aprovação Pedido de Compra",cd1720a,"Entrada Mercadadorias (Pedido de Compras)",re2001
Compras,CM17,91,"Aprovação de Compras e Efetua o pagamento para mercadorias e serviços não autorizados.",D,ALTO,#ff0000,#000000,"Aprovação Pedido de Compra",cd1720a,"Pagamentos (Contas a Pagar)","bas_antecip_pef_pend_pef | bas_bord_ap | bas_bord_ap_confirmacao | bas_bord_ap_enviar_msg_edi | bas_bord_ap_impressao | bas_cheq_ap_confirmacao | bas_lote_impl_tit_ap | bas_lote_pagto | bas_lote_pagto_enctro_ctas | bas_proces_pagto_prepar_pagto | fnc_cheq_ap_emissao | rpt_bord_ap_ret_pagto_escr"
Compras,CM18,92,"Liberar um pedido ilegítimo e iniciar pagamento para o pedido, inserindo faturas.",D,ALTO,#ff0000,#000000,"Aprovação Pedido de Compra",cd1720a,"Entrar Faturas Fornecedores","re0402 | re1001"
Compras,CM19,93,"Liberar um pedido ilegítimo e a ação permanece oculta com a manipulação das contagens do estoque físico.",D,ALTO,#ff0000,#000000,"Aprovação Pedido de Compra",cd1720a,"Entrar Contagem Inventário","ce0712 | ce9120"
Compras,CM19,93,"Liberar um pedido ilegítimo e a ação permanece oculta com a manipulação das contagens do estoque físico.",D,BAIXO,#3a309c,#f9f9f9,"Aprovação Pedido de Compra",cd1720a,"Manutenção de Crédito de Clientes","cm0101 | cm0102 | cm0202"
Compras,CM20,94,"Criar fornecedor ou alterar os dados mestres de fornecedor existente e aprovar compras desse fornecedor.",D,ALTO,#ff0000,#000000,"Aprovação Pedido de Compra",cd1720a,"Manutenção Dados Mestre Fornecedor","bas_fornecedor | cd0401 | cd0402"
Compras,CM21,95,"Adicionar ou modificar dados mestres de materiais ou serviços e liberar pedido para uso pessoal.",D,MEDIO,#FF8C00,#FFFF,"Aprovação Pedido de Compra",cd1720a,"Manutenção Dados Mestre Materiais","cc0103 | cc0120 | cd0138 | cd0140 | cd0147 | cd0204 | cd0224 | cd0903 | cd1107 | cd1112 | cd1508 | ce0106 | ce0330 | cq0117 | cq0118 | cq0119 | cq0608 | en0105 | re0106 | re0115"
Compras,CM22,96,"Risco de inserção contratos de compra e inserção de fornecedor ou modificação de fornec existente, principalmente os dados da conta.",D,ALTO,#ff0000,#000000,"Manutenção Dados Mestre Fornecedor","bas_fornecedor | cd0401 | cd0402","Acordos de Compras","cn0201 | cn0203 | cn0206 | cn0301 | cn0304"
Compras,CM23,97,"Modificar contratos de compra e depois receber mercadorias para fins fraudulentos.",D,ALTO,#ff0000,#000000,"Acordos de Compras","cn0201 | cn0203 | cn0206 | cn0301 | cn0304","Entrada Mercadadorias (Pedido de Compras)",re2001
Compras,CM24,98,"Risco de adição de itens ao arquivo mestre de serviço (serviços não relacionados á  finalidade do negócio) e habilidade de criar requisições para esses serviços.",D,MEDIO,#FF8C00,#FFFF,"Manutenção Dados Mestre Materiais","cc0103 | cc0120 | cd0138 | cd0140 | cd0147 | cd0204 | cd0224 | cd0903 | cd1107 | cd1112 | cd1508 | ce0106 | ce0330 | cq0117 | cq0118 | cq0119 | cq0608 | en0105 | re0106 | re0115","Aprovação Pedido de Compra",cd1720
Compras,CM25,99,"Risco de inserir ou manter um contrato de compra e autorizar a requisição relacionada através de seu lançamento.",D,ALTO,#ff0000,#000000,"Liberar Requisições de Compras",cd1720,"Acordos de Compras","cn0201 | cn0203 | cn0206 | cn0301 | cn0304"
Compras,CM26,100,"Risco de a mesma pessoa requisitar um item e criar um pedido a partir dessa requisição.",D,ALTO,#ff0000,#000000,"Requisição de Compra",cd1720,"Manutenção Pedido de Compra","cc0300 | cc0301 | cc0311 | cc0325 | ce0341 | cn0301"
Compras,CM27,101,"Risco de a mesma pessoa inserir um contrato de compra de materiais e depois ajustar o estoque desses materiais.",D,MEDIO,#FF8C00,#FFFF,"Acordos de Compras","cn0201 | cn0203 | cn0206 | cn0301 | cn0304","Entrar Contagem Inventário","ce0712 | ce9120"
Compras,CM28,102,"Risco de a mesma pessoa requisitar um item e em seguida liberar uma requisição de compra, evitando o processo de autorização.",D,MEDIO,#FF8C00,#FFFF,"Requisição de Compra",cd1406,"Aprovação Pedido de Compra",cd1720
Compras,CM29,103,"Risco da mesma pessoa que liberar uma requisição e gerar o pedido que a acompanha.",D,ALTO,#ff0000,#000000,"Liberar Requisições de Compras",cd1720,"Manutenção Pedido de Compra","cc0300 | cc0301 | cc0311 | cc0325 | ce0341 | cn0301"
Compras,CM30,104,"Adicionar um item para o arquivo mestre de material ou serviço e em seguida adicionar fraudulentamente esses itens a contratos compra.",D,MEDIO,#FF8C00,#FFFF,"Manutenção Dados Mestre Materiais","cc0103 | cc0120 | cd0138 | cd0140 | cd0147 | cd0204 | cd0224 | cd0903 | cd1107 | cd1112 | cd1508 | ce0106 | ce0330 | cq0117 | cq0118 | cq0119 | cq0608 | en0105 | re0106 | re0115","Acordos de Compras","cn0201 | cn0203 | cn0206 | cn0301 | cn0304"
Compras,CM31,105,"Liberar um pedido e aceitar os serviços através da aceitação de serviços (Medição).",D,MEDIO,#FF8C00,#FFFF,"Aprovação Pedido de Compra",cd1720a,"Aceitação de Serviço (Medição)",cn0302b
Compras,CM31,105,"Liberar um pedido e aceitar os serviços através da aceitação de serviços (Medição).",D,ALTO,#ff0000,#000000,"Aprovação Pedido de Compra",cd1720a,"Permissão de usários Crédito",cd4600
Compras,CM31,105,"Liberar um pedido e aceitar os serviços através da aceitação de serviços (Medição).",D,ALTO,#ff0000,#000000,"Aprovação Pedido de Compra",cd1720a,"Receber o material comprado fisicamente","re2001 | re2005 | re2006"
Compras,CM32,106,"Suprir um item incorretamente e manipular as contagens do estoque físico para ocultar.",D,ALTO,#ff0000,#000000,"Manutenção Pedido de Compra","cc0300 | cc0301 | cc0311 | cc0325 | cc0604 | ce0341 | cn0301","Entrar Contagem Inventário","ce0712 | ce9120"
Compras,CM33,107,"Liberar um pedido ilegítimo e a ação permanece oculta com a manipulação das contagens do estoque físico.",D,ALTO,#ff0000,#000000,"Aprovação Pedido de Compra",cd1720a,"Entrar Contagem Inventário","ce0712 | ce9120"
Compras,CM34,108,"Risco de a mesma pessoa inserir um contrato de compra de materiais e depois ajustar o estoque desses materiais.",D,MEDIO,#FF8C00,#FFFF,"Acordos de Compras","cn0201 | cn0203 | cn0206 | cn0301 | cn0304","Entrar Contagem Inventário","ce0712 | ce9120"
Compras,CM35,109,"Inserir um pedido e inserir pagamento de cobertura.",D,ALTO,#ff0000,#000000,"Manutenção Pedido de Compra","cc0300 | cc0301 | cc0311 | cc0325 | cc0604 | ce0341 | cn0301","Processar Pagamentos Manualmente","bas_cheq_ap_altera_numero | bas_cheq_ap_confirmacao | bas_cheq_ap_estorno | bas_lote_pagto | fnc_cheq_ap_emissao | fnc_cheq_ap_reemissao"
Compras,CM36,110,"Recebimento ou aceitação de serviços e depois inserir manualmente pagamentos de cobertura.",D,ALTO,#ff0000,#000000,"Aceitação de Serviço (Medição)",cn0302b,"Processar Pagamentos Manualmente","bas_cheq_ap_altera_numero | bas_cheq_ap_confirmacao | bas_cheq_ap_estorno | bas_lote_pagto | fnc_cheq_ap_emissao | fnc_cheq_ap_reemissao"
Compras,CM37,111,"Comprometer a empresa com compras fraudulentas e iniciar pagamentos manuais para mercadorias e serviços não autorizados.",D,ALTO,#ff0000,#000000,"Aprovação Pedido de Compra",cd1720a,"Processar Pagamentos Manualmente","bas_cheq_ap_altera_numero | bas_cheq_ap_confirmacao | bas_cheq_ap_estorno | bas_lote_pagto | fnc_cheq_ap_emissao | fnc_cheq_ap_reemissao"
Compras,CM38,112,"Quando forem utilizadas estratégias de liberação, o mesmo usuário não deve manter pedido e liberá-lo ou aprová-lo.",D,ALTO,#ff0000,#000000,"Manutenção Pedido de Compra","cc0300 | cc0301 | cc0311 | cc0325 | cc0604 | ce0341 | cn0301","Aprovação Pedido de Compra",cd1720
Compras,CM39,113,"O cálculo de preço pode ser manipulado para ganho pessoal por conivência com o fornecedor. O processamento transacional deve ser segregado dos dados mestre do cálculo de preço.",D,MEDIO,#FF8C00,#FFFF,"Manutenção Condições de Preço do Fornecedor","cc0105 | cc0312 | cc0313 | cc0531","Pagamentos (Contas a Pagar)","bas_antecip_pef_pend_pef | bas_bord_ap | bas_bord_ap_confirmacao | bas_bord_ap_enviar_msg_edi | bas_bord_ap_impressao | bas_cheq_ap_confirmacao | bas_lote_impl_tit_ap | bas_lote_pagto | bas_lote_pagto_enctro_ctas | bas_proces_pagto_prepar_pagto | fnc_cheq_ap_emissao | rpt_bord_ap_ret_pagto_escr"
Compras,CM40,114,"O cálculo de preço pode ser manipulado para ganho pessoal por conivência com o fornecedor. O processamento transacional deve ser segregado dos dados mestre do cálculo de preço.",D,MEDIO,#FF8C00,#FFFF,"Manutenção Condições de Preço do Fornecedor","cc0105 | cc0312 | cc0313 | cc0531","Entrar Faturas Fornecedores","re0402 | re1001"
Compras,CM41,115,"O cálculo de preço pode ser manipulado para ganho pessoal por conivência com o fornecedor. O processamento transacional deve ser segregado dos dados mestre do cálculo de preço.",D,MEDIO,#FF8C00,#FFFF,"Manutenção Condições de Preço do Fornecedor","cc0105 | cc0312 | cc0313 | cc0531","Processar Pagamentos Manualmente","bas_cheq_ap_altera_numero | bas_cheq_ap_confirmacao | bas_cheq_ap_estorno | bas_lote_pagto | fnc_cheq_ap_emissao | fnc_cheq_ap_reemissao"
Compras,CM42,116,"O cálculo de preço pode ser manipulado para ganho pessoal por conivência com o fornecedor. O processamento transacional deve ser segregado dos dados mestre do cálculo de preço.",D,MEDIO,#FF8C00,#FFFF,"Manutenção Condições de Preço do Fornecedor","cc0105 | cc0312 | cc0313 | cc0531","Aprovação Pedido de Compra",cd1720
Compras,CO01,117,"Criar contas contábeis fictícias.",D,ALTO,#ff0000,#000000,"Manutenção Contas Contábeis","bas_cta_ctbl_integr | bas_cta_grp_clien | bas_cta_grp_fornec | bas_cta_produt_financ | bas_impto_vincul_empres | bas_lancto_ctbl_padr | bas_motiv_movto_tit_acr | bas_param_ctbz_cta_pat | bas_plano_cta_ctbl | bas_rat_ctbl | bas_tip_fluxo_financ | bas_tip_trans_cx | cd0253 | cd0309 | cd0611 | cd0709 | cd1408 | ce0101 | ce0110 | cn0101 | cp0102 | cp0106 | in0101 | re0103","Manutenção Contas Contábeis","bas_cta_ctbl_integr | bas_cta_grp_clien | bas_cta_grp_fornec | bas_cta_produt_financ | bas_impto_vincul_empres | bas_lancto_ctbl_padr | bas_motiv_movto_tit_acr | bas_param_ctbz_cta_pat | bas_plano_cta_ctbl | bas_rat_ctbl | bas_tip_fluxo_financ | bas_tip_trans_cx | cd0253 | cd0309 | cd0611 | cd0709 | cd1408 | ce0101 | ce0110 | cn0101 | cp0102 | cp0106 | in0101 | re0103"
Contabilidade,CO02,118,"Abertura/fechamento indevidos de períodos contábeis.",D,ALTO,#ff0000,#000000,"Manutenção Períodos Contábeis",bas_exerc_ctbl,"Manutenção Períodos Contábeis",bas_exerc_ctbl
Contabilidade,CO03,119,"Efetuar Lançamentos na Contabilidade",D,ALTO,#ff0000,#000000,"Efetuar Lançamentos Contábeis","bas_bem_pat_ctbz | bas_lancto_ctbl | bas_lancto_ctbl_import_ascii | bas_movto_tit_acr_contab | bas_rat_ctbl_ctbz | bas_sdo_cta_ctbl_apur_lucro_perda | bas_sdo_cta_ctbl_modul | ce0407 | ce0412 | fnc_lote_ctbl_ems | ft0608 | ft0708","Efetuar Lançamentos Contábeis","bas_bem_pat_ctbz | bas_lancto_ctbl | bas_lancto_ctbl_import_ascii | bas_movto_tit_acr_contab | bas_rat_ctbl_ctbz | bas_sdo_cta_ctbl_apur_lucro_perda | bas_sdo_cta_ctbl_modul | ce0407 | ce0412 | fnc_lote_ctbl_ems | ft0608 | ft0708 | rpt_aprop_ctbl_cmg_contab | rpt_demonst_ctbl_apb | rpt_operac_financ_demonst_ctbl_apl"
Contabilidade,CO04,120,"Riscos de divulgação de relatórios financeiros com informações incorretas.",D,ALTO,#ff0000,#000000,"Cálculo e Contabilização de Variação Cambial e Translation","bas_cta_ctbl_apurac_variac | bas_tit_acr_corrigir | bas_tit_ap_corrigir","Cálculo e Contabilização de Variação Cambial e Translation","bas_cta_ctbl_apurac_variac | bas_tit_acr_corrigir | bas_tit_ap_corrigir"
Contabilidade,CO05,121,"Criar conta contábil fictícia e gerar lançamentos ou ocultar atividades via entradas de lançamento.",D,ALTO,#ff0000,#000000,"Manutenção Contas Contábeis","bas_cta_ctbl_integr | bas_cta_grp_clien | bas_cta_grp_fornec | bas_cta_produt_financ | bas_impto_vincul_empres | bas_lancto_ctbl_padr | bas_motiv_movto_tit_acr | bas_param_ctbz_cta_pat | bas_plano_cta_ctbl | bas_rat_ctbl | bas_tip_fluxo_financ | bas_tip_trans_cx | cd0253 | cd0309 | cd0611 | cd0709 | cd1408 | ce0101 | ce0110 | cn0101 | cp0102 | cp0106 | in0101 | re0103","Efetuar Lançamentos Contábeis","bas_bem_pat_ctbz | bas_lancto_ctbl | bas_lancto_ctbl_import_ascii | bas_movto_tit_acr_contab | bas_rat_ctbl_ctbz | bas_sdo_cta_ctbl_apur_lucro_perda | bas_sdo_cta_ctbl_modul | ce0407 | ce0412 | fnc_lote_ctbl_ems | ft0608 | ft0708 | rpt_aprop_ctbl_cmg_contab | rpt_demonst_ctbl_apb | rpt_operac_financ_demonst_ctbl_apl"
Contabilidade,CO06,122,"Alterar centro de custo sem autorização e processas transferência de custo não autorizadas a este centro, distorcencendo possivelmente o relatório contábil.",D,MEDIO,#FF8C00,#FFFF,"Manutenção Centros de Custo",bas_ccusto,"Processar Transferência Custos","bas_lancto_ctbl | bas_rat_ctbl_ctbz"
Contabilidade,CO07,123,"Alterar centro de custo sem autorização e processar entrada de receita não autorizada a este centro, distorcendo possivelmente o relatórios contábil.",D,MEDIO,#FF8C00,#FFFF,"Manutenção Centros de Custo",bas_ccusto,"Relançamento de Receita","bas_lancto_ctbl | bas_rat_ctbl_ctbz"
Contabilidade,CO08,124,"Manipular relatórios de centro de custo para ocultar lançamento contábil inadequado.",D,MEDIO,#FF8C00,#FFFF,"Manutenção Centros de Custo",bas_ccusto,"Efetuar Lançamentos Contábeis","bas_bem_pat_ctbz | bas_lancto_ctbl | bas_lancto_ctbl_import_ascii | bas_movto_tit_acr_contab | bas_rat_ctbl_ctbz | bas_sdo_cta_ctbl_apur_lucro_perda | bas_sdo_cta_ctbl_modul | ce0407 | ce0412 | fnc_lote_ctbl_ems | ft0608 | ft0708 | rpt_aprop_ctbl_cmg_contab | rpt_demonst_ctbl_apb | rpt_operac_financ_demonst_ctbl_apl"
Contabilidade,CO09,125,"Alocar custos para centros de custo não autorizados, distorcendo assim o relatório financeiro.",D,BAIXO,#3a309c,#f9f9f9,"Manutenção Distribuições entre Centro de Custo","bas_criter_distrib_cta_ctbl | bas_mapa_distrib_ccusto","Efetuar Lançamentos Contábeis","bas_bem_pat_ctbz | bas_lancto_ctbl | bas_lancto_ctbl_import_ascii | bas_movto_tit_acr_contab | bas_rat_ctbl_ctbz | bas_sdo_cta_ctbl_apur_lucro_perda | bas_sdo_cta_ctbl_modul | ce0407 | ce0412 | fnc_lote_ctbl_ems | ft0608 | ft0708 | rpt_aprop_ctbl_cmg_contab | rpt_demonst_ctbl_apb | rpt_operac_financ_demonst_ctbl_apl"
Contabilidade,CO10,126,"Abrir exercícios contábeis previamente fechados e lançar entrada inadequada após o final do mês.",D,ALTO,#ff0000,#000000,"Manutenção Períodos Contábeis",bas_exerc_ctbl,"Efetuar Lançamentos Contábeis","bas_bem_pat_ctbz | bas_lancto_ctbl | bas_lancto_ctbl_import_ascii | bas_movto_tit_acr_contab | bas_rat_ctbl_ctbz | bas_sdo_cta_ctbl_apur_lucro_perda | bas_sdo_cta_ctbl_modul | ce0407 | ce0412 | fnc_lote_ctbl_ems | ft0608 | ft0708 | rpt_aprop_ctbl_cmg_contab | rpt_demonst_ctbl_apb | rpt_operac_financ_demonst_ctbl_apl"
Contabilidade,CO11,127,"Abrir exercícios contábeis previamente fechados e lançar pagamentos inadequados após o final do mês.",D,MEDIO,#FF8C00,#FFFF,"Manutenção Períodos Contábeis",bas_exerc_ctbl,"Pagamentos (Contas a Pagar)","bas_antecip_pef_pend_pef | bas_bord_ap | bas_bord_ap_confirmacao | bas_bord_ap_enviar_msg_edi | bas_bord_ap_impressao | bas_cheq_ap_confirmacao | bas_lote_impl_tit_ap | bas_lote_pagto | bas_lote_pagto_enctro_ctas | bas_proces_pagto_prepar_pagto | fnc_cheq_ap_emissao | rpt_bord_ap_ret_pagto_escr"
Contabilidade,CO12,128,"Abrir exercícios contábeis previamente fechados e receber ou emitir mercadorias inadequadas após final do mês.",D,MEDIO,#FF8C00,#FFFF,"Manutenção Períodos Contábeis",bas_exerc_ctbl,"Movimentar Mercadorias","cd1409 | cd1410 | ce0205 | ce0206 | ce0220 | cp0306 | cp0309"
Contabilidade,CO13,129,"Abrir exercícios contábeis previamente fechados e lançar inadequadamente pagamentos manuais.",D,MEDIO,#FF8C00,#FFFF,"Manutenção Períodos Contábeis",bas_exerc_ctbl,"Processar Pagamentos Manualmente","bas_cheq_ap_altera_numero | bas_cheq_ap_confirmacao | bas_cheq_ap_estorno | bas_lote_pagto | fnc_cheq_ap_emissao | fnc_cheq_ap_reemissao"
Contabilidade,CP01,130,"Manter fornecedor e criar pagamento para esse fornecedor.",D,ALTO,#ff0000,#000000,"Pagamentos (Contas a Pagar)","bas_antecip_pef_pend_pef | bas_bord_ap | bas_bord_ap_confirmacao | bas_bord_ap_enviar_msg_edi | bas_bord_ap_impressao | bas_cheq_ap_confirmacao | bas_lote_impl_tit_ap | bas_lote_pagto | bas_lote_pagto_enctro_ctas | bas_proces_pagto_prepar_pagto | fnc_cheq_ap_emissao | rpt_bord_ap_ret_pagto_escr","Manutenção Dados Mestre Fornecedor","bas_fornecedor | cd0401 | cd0402"
"Contas a Pagar",C010,48,"Pagamentos duplicados a fornecedores. (Inclusão de Titulo e Pagamento)",D,ALTO,#ff0000,#000000,"Adiantamento Pagamento Fornecedor",bas_antecip_pef_pend,"Pagamentos (Contas a Pagar)","bas_antecip_pef_pend_pef | bas_bord_ap | bas_bord_ap_confirmacao | bas_bord_ap_enviar_msg_edi | bas_bord_ap_impressao | bas_cheq_ap_confirmacao | bas_lote_impl_tit_ap | bas_lote_pagto | bas_lote_pagto_enctro_ctas | bas_proces_pagto_prepar_pagto | fnc_cheq_ap_emissao | rpt_bord_ap_ret_pagto_escr"
"Contas a Pagar",C011,49,"Riscos de realizar pagamentos não autorizados.",D,ALTO,#ff0000,#000000,"Pagamentos (Contas a Pagar)","bas_antecip_pef_pend_pef | bas_bord_ap | bas_bord_ap_confirmacao | bas_bord_ap_enviar_msg_edi | bas_bord_ap_impressao | bas_cheq_ap_confirmacao | bas_lote_impl_tit_ap | bas_lote_pagto | bas_lote_pagto_enctro_ctas | bas_proces_pagto_prepar_pagto | fnc_cheq_ap_emissao | rpt_bord_ap_ret_pagto_escr","Aprovação Pagamentos (Contas a Pagar)",bas_proces_pagto_liber_pagto
"Contas a Pagar",CP02,131,"Inserir contratos de compra e em seguida efetuar pagamento.",D,ALTO,#ff0000,#000000,"Pagamentos (Contas a Pagar)","bas_antecip_pef_pend_pef | bas_bord_ap | bas_bord_ap_confirmacao | bas_bord_ap_enviar_msg_edi | bas_bord_ap_impressao | bas_cheq_ap_confirmacao | bas_lote_impl_tit_ap | bas_lote_pagto | bas_lote_pagto_enctro_ctas | bas_proces_pagto_prepar_pagto | fnc_cheq_ap_emissao | rpt_bord_ap_ret_pagto_escr","Acordos de Compras","cn0201 | cn0203 | cn0206 | cn0301 | cn0304"
"Contas a Pagar",CP03,132,"Risco de modificar dados mestres serviço (adicionar um serviço normalmente não solicitado pela empresa) e inserção de pagamento de cobertura.",D,ALTO,#ff0000,#000000,"Pagamentos (Contas a Pagar)","bas_antecip_pef_pend_pef | bas_bord_ap | bas_bord_ap_confirmacao | bas_bord_ap_enviar_msg_edi | bas_bord_ap_impressao | bas_cheq_ap_confirmacao | bas_lote_impl_tit_ap | bas_lote_pagto | bas_lote_pagto_enctro_ctas | bas_proces_pagto_prepar_pagto | fnc_cheq_ap_emissao | rpt_bord_ap_ret_pagto_escr","Manutenção Dados Mestre Materiais","cc0103 | cc0120 | cd0138 | cd0140 | cd0147 | cd0204 | cd0224 | cd0903 | cd1107 | cd1112 | cd1508 | ce0106 | ce0330 | cq0117 | cq0118 | cq0119 | cq0608 | en0105 | re0106 | re0115"
"Contas a Pagar",CP04,133,"Risco de inserir pagamentos não autorizados e reconciliar com o banco pela mesma pessoa.",D,ALTO,#ff0000,#000000,"Pagamentos (Contas a Pagar)","bas_antecip_pef_pend_pef | bas_bord_ap | bas_bord_ap_confirmacao | bas_bord_ap_enviar_msg_edi | bas_bord_ap_impressao | bas_cheq_ap_confirmacao | bas_lote_impl_tit_ap | bas_lote_pagto | bas_lote_pagto_enctro_ctas | bas_proces_pagto_prepar_pagto | fnc_cheq_ap_emissao | rpt_bord_ap_ret_pagto_escr","Reconciliação Bancária","bas_cta_corren_concil | bas_extrat_cta_corren | bas_extrat_cta_corren_import"
"Contas a Pagar",CP05,134,"Risco inserir faturas de fornecedores e habilidade de aceitar esses serviços na inserção de recibos serviço.",D,MEDIO,#FF8C00,#FFFF,"Entrar Faturas Fornecedores","re0402 | re1001","Aceitação de Serviço (Medição)",cn0302b
"Contas a Pagar",CP06,135,"Manter fornecedor e criar pagamento para esse fornecedor.",D,ALTO,#ff0000,#000000,"Processar Pagamentos Manualmente","bas_cheq_ap_altera_numero | bas_cheq_ap_confirmacao | bas_cheq_ap_estorno | bas_lote_pagto | fnc_cheq_ap_emissao | fnc_cheq_ap_reemissao","Manutenção Dados Mestre Fornecedor","bas_fornecedor | cd0401 | cd0402"
"Contas a Pagar",CP07,136,"Inserir faturas de fornecedor e depois efetuar pagamento ao fornecedor.",D,ALTO,#ff0000,#000000,"Entrar Faturas Fornecedores","re0402 | re1001","Processar Pagamentos Manualmente","bas_cheq_ap_altera_numero | bas_cheq_ap_confirmacao | bas_cheq_ap_estorno | bas_lote_pagto | fnc_cheq_ap_emissao | fnc_cheq_ap_reemissao"
"Contas a receber",CR02,67,"Ajuste o saldo subsidiário usando a transação de pagamento (contas a receber) e então fazer a cobertura usando lançamentos contábeis.",D,MEDIO,#FF8C00,#FFFF,"Pagamentos (Contas a Receber)","bas_lote_liquidac_acr | bas_tit_acr_alteracao | bas_tit_acr_estorno | fnc_liquidac_tit_acr | rpt_item_lote_liquidac_acr_cobr_escr","Efetuar Lançamentos Contábeis","bas_bem_pat_ctbz | bas_lancto_ctbl | bas_lancto_ctbl_import_ascii | bas_movto_tit_acr_contab | bas_rat_ctbl_ctbz | bas_sdo_cta_ctbl_apur_lucro_perda | bas_sdo_cta_ctbl_modul | ce0407 | ce0412 | fnc_lote_ctbl_ems | ft0608 | ft0708 | rpt_aprop_ctbl_cmg_contab | rpt_demonst_ctbl_apb | rpt_operac_financ_demonst_ctbl_apl"
"Contas a receber",CR01,68,"Permitir que as diferenças lançadas entre dinheiro depositado e coletado sejam ocultadas.",D,ALTO,#ff0000,#000000,"Pagamentos (Contas a Receber)","bas_lote_liquidac_acr | bas_tit_acr_alteracao | bas_tit_acr_estorno | fnc_liquidac_tit_acr | rpt_item_lote_liquidac_acr_cobr_escr","Reconciliação Bancária","bas_cta_corren_concil | bas_extrat_cta_corren | bas_extrat_cta_corren_import"
"Contas a receber",CP09,69,"Risco de inserir pagamentos manuais não autorizados e reconciliar com o banco pela mesma pessoa.",D,ALTO,#ff0000,#000000,"Processar Pagamentos Manualmente","bas_cheq_ap_altera_numero | bas_cheq_ap_confirmacao | bas_cheq_ap_estorno | bas_lote_pagto | fnc_cheq_ap_emissao | fnc_cheq_ap_reemissao","Reconciliação Bancária","bas_cta_corren_concil | bas_extrat_cta_corren | bas_extrat_cta_corren_import"
"Contas a receber",CP08,70,"Risco de modificar dados mestres serviço (adicionar um serviço normalmente não solicitado pela empresa) e inserção de pagamento de cobertura.",D,ALTO,#ff0000,#000000,"Processar Pagamentos Manualmente","bas_cheq_ap_altera_numero | bas_cheq_ap_confirmacao | bas_cheq_ap_estorno | bas_lote_pagto | fnc_cheq_ap_emissao | fnc_cheq_ap_reemissao","Manutenção Dados Mestre Materiais","cc0103 | cc0120 | cd0138 | cd0140 | cd0147 | cd0204 | cd0224 | cd0903 | cd1107 | cd1112 | cd1508 | ce0106 | ce0330 | cq0117 | cq0118 | cq0119 | cq0608 | en0105 | re0106 | re0115"
Estoque,ES04,63,"Risco de modificar ou adicionar dados mestres de material (adicionar material normalmente não solicitado pela empresa) e depois liberar uma requisição do material.",D,MEDIO,#FF8C00,#FFFF,"Manutenção Dados Mestre Materiais","cc0103 | cc0120 | cd0138 | cd0140 | cd0147 | cd0204 | cd0224 | cd0903 | cd1107 | cd1112 | cd1508 | ce0106 | ce0330 | cq0117 | cq0118 | cq0119 | cq0608 | en0105 | re0106 | re0115","Requisição de Compra",NULL
Estoque,ES03,64,"Ocultar ajustes de estoque via entradas nas contas contáveis.",D,ALTO,#ff0000,#000000,"Efetuar Lançamentos Contábeis","bas_bem_pat_ctbz | bas_lancto_ctbl | bas_lancto_ctbl_import_ascii | bas_movto_tit_acr_contab | bas_rat_ctbl_ctbz | bas_sdo_cta_ctbl_apur_lucro_perda | bas_sdo_cta_ctbl_modul | ce0407 | ce0412 | fnc_lote_ctbl_ems | ft0608 | ft0708 | rpt_aprop_ctbl_cmg_contab | rpt_demonst_ctbl_apb | rpt_operac_financ_demonst_ctbl_apl","Entrar Contagem Inventário","ce0712 | ce9120"
Estoque,ES02,65,"Aceitar mercadorias via notas de recebimento e realizar um ajuste no estoque físico em seguida.",D,ALTO,#ff0000,#000000,"Movimentar Mercadorias","cd1409 | cd1410 | ce0205 | ce0206 | ce0220 | cp0306 | cp0309","Entrar Contagem Inventário","ce0712 | ce9120"
Estoque,ES01,66,"Risco de moficiar ou adicionar itens aos dados mestres de materiais ou serviço (para adicionar itens que normalmente não são pedidos pela empresa).",D,ALTO,#ff0000,#000000,"Manutenção Dados Mestre Materiais","cc0103 | cc0120 | cd0138 | cd0140 | cd0147 | cd0204 | cd0224 | cd0903 | cd1107 | cd1112 | cd1508 | ce0106 | ce0330 | cq0117 | cq0118 | cq0119 | cq0608 | en0105 | re0106 | re0115","Manutenção Dados Mestre Materiais","cc0103 | cc0120 | cd0138 | cd0140 | cd0147 | cd0204 | cd0224 | cd0903 | cd1107 | cd1112 | cd1508 | ce0106 | ce0330 | cq0117 | cq0118 | cq0119 | cq0608 | en0105 | re0106 | re0115"
Faturamento,FT05,56,"Inserir itens não autorizados para um contrato de compra e criar fatura para obter esses itens para uso pessoal.",D,ALTO,#ff0000,#000000,"Entrar Faturas Fornecedores","re0402 | re1001","Acordos de Compras","cn0201 | cn0203 | cn0206 | cn0301 | cn0304"
Faturamento,FT04,57,"Inserir faturas de fornecedor e aceitar mercadoria via nota de recebimento.",D,ALTO,#ff0000,#000000,"Entrar Faturas Fornecedores (re1001)","re0402 | re1001","Entrada Mercadadorias (Pedido de Compras)",re2001
Faturamento,FT03,58,"Inserir faturas de fornecedor e depois efetuar pagamento ao fornecedor.",D,ALTO,#ff0000,#000000,"Entrar Faturas Fornecedores","re0402 | re1001","Pagamentos (Contas a Pagar)","bas_antecip_pef_pend_pef | bas_bord_ap | bas_bord_ap_confirmacao | bas_bord_ap_enviar_msg_edi | bas_bord_ap_impressao | bas_cheq_ap_confirmacao | bas_lote_impl_tit_ap | bas_lote_pagto | bas_lote_pagto_enctro_ctas | bas_proces_pagto_prepar_pagto | fnc_cheq_ap_emissao | rpt_bord_ap_ret_pagto_escr"
Faturamento,FT02,59,"Risco de modificar e inserir faturas de vendas e aprovar limites de crédito pela mesma pessoa.",D,ALTO,#ff0000,#000000,"Processar Faturas Clientes","ft0502 | ft1001 | ft2200 | ft4001 | ft4002 | ft4003","Gestão de Crédito","cm0102 | cm0201 | cm0202"
Faturamento,FT01,61,"Criar um cliente .",D,ALTO,#ff0000,#000000,"Manutenção Dados Mestre Clientes","bas_cliente | bas_clien_financ | bas_pessoa_fisic | bas_pessoa_jurid | cd0704 | cd1510 | cd2577","Manutenção Dados Mestre Clientes","bas_cliente | bas_clien_financ | bas_pessoa_fisic | bas_pessoa_jurid | cd0704 | cd1510 | cd2577"
Financeiro,SODAP01,10,"O usuário pode processar uma fatura fictícia e processar um pagamento pela fatura.",D,ALTO,#ff0000,#000000,"Registrar Título Manual","bas_antecip_pef_pend_pef | bas_lote_impl_tit_ap | bas_lote_impl_tit_ap_previsao","Cadastrar Fornecedor","bas_fornecedor_fin | bas_fornec_financ | bas_fornec_financ_fin | bas_pessoa_fisic | bas_pessoa_jurid | bas_tip_fornec | bas_tip_fornec_fin | cd0401"
Financeiro,SODAP01,10,"O usuário pode processar uma fatura fictícia e processar um pagamento pela fatura.",D,ALTO,#ff0000,#000000,"Registrar Título Manual","bas_antecip_pef_pend_pef | bas_lote_impl_tit_ap | bas_lote_impl_tit_ap_previsao","Solicitar Compra","cc0117 | cc0301 | cc0309 | cc0325 | ce0340 | ce0341 | ce0346"
Financeiro,SODAP01,10,"O usuário pode processar uma fatura fictícia e processar um pagamento pela fatura.",D,ALTO,#ff0000,#000000,"Registrar Título Manual","bas_antecip_pef_pend_pef | bas_lote_impl_tit_ap | bas_lote_impl_tit_ap_previsao","Realizar a Compra","cc0300 | cc0311 | cn0304 | oc0201 | oc0202 | oc0203 | oc0204"
Financeiro,SODAP01,10,"O usuário pode processar uma fatura fictícia e processar um pagamento pela fatura.",D,MEDIO,#FF8C00,#FFFF,"Registrar Título Manual","bas_antecip_pef_pend_pef | bas_lote_impl_tit_ap | bas_lote_impl_tit_ap_previsao","Aprovar Realização da Compra","cd1720a | oc0205"
Financeiro,SODAP01,10,"O usuário pode processar uma fatura fictícia e processar um pagamento pela fatura.",D,ALTO,#ff0000,#000000,"Registrar Título Manual","bas_antecip_pef_pend_pef | bas_lote_impl_tit_ap | bas_lote_impl_tit_ap_previsao","Alterar perfis de acesso para o recebimento",re0101
Financeiro,SODAP01,10,"O usuário pode processar uma fatura fictícia e processar um pagamento pela fatura.",D,ALTO,#ff0000,#000000,"Registrar Título Manual","bas_antecip_pef_pend_pef | bas_lote_impl_tit_ap | bas_lote_impl_tit_ap_previsao","Aprovar alterações de perfil de acesso para o recebimento",re0101
Financeiro,SODAP01,10,"O usuário pode processar uma fatura fictícia e processar um pagamento pela fatura.",D,ALTO,#ff0000,#000000,"Registrar Título Manual","bas_antecip_pef_pend_pef | bas_lote_impl_tit_ap | bas_lote_impl_tit_ap_previsao","Receber o material comprado fisicamente","re2001 | re2005 | re2006"
Financeiro,SODAP01,10,"O usuário pode processar uma fatura fictícia e processar um pagamento pela fatura.",D,ALTO,#ff0000,#000000,"Registrar Título Manual","bas_antecip_pef_pend_pef | bas_lote_impl_tit_ap | bas_lote_impl_tit_ap_previsao","Receber a nota fiscal","re0190 | re0402 | re1001 | re1005 | re2001"
Financeiro,SODAP01,10,"O usuário pode processar uma fatura fictícia e processar um pagamento pela fatura.",D,MEDIO,#FF8C00,#FFFF,"Registrar Título Manual","bas_antecip_pef_pend_pef | bas_lote_impl_tit_ap | bas_lote_impl_tit_ap_previsao","Integração Com O Contas a Pagar",re0404
Financeiro,SODAP01,10,"O usuário pode processar uma fatura fictícia e processar um pagamento pela fatura.",D,MEDIO,#FF8C00,#FFFF,"Registrar Título Manual","bas_antecip_pef_pend_pef | bas_lote_impl_tit_ap | bas_lote_impl_tit_ap_previsao","Cancelamento de Títulos",bas_tit_ap_estorno
Financeiro,SODAP01,10,"O usuário pode processar uma fatura fictícia e processar um pagamento pela fatura.",D,ALTO,#ff0000,#000000,"Registrar Título Manual","bas_antecip_pef_pend_pef | bas_lote_impl_tit_ap | bas_lote_impl_tit_ap_previsao","Permissão para Inclusão/Alteração/Pagamento/Cancelamento",bas_usuar_financ_estab_apb
Financeiro,SODAP01,10,"O usuário pode processar uma fatura fictícia e processar um pagamento pela fatura.",D,BAIXO,#3a309c,#f9f9f9,"Registrar Título Manual","bas_antecip_pef_pend_pef | bas_lote_impl_tit_ap | bas_lote_impl_tit_ap_previsao","Registrar Adiantamento",bas_antecip_pef_pend
Financeiro,SODAP01,10,"O usuário pode processar uma fatura fictícia e processar um pagamento pela fatura.",D,BAIXO,#3a309c,#f9f9f9,"Registrar Título Manual","bas_antecip_pef_pend_pef | bas_lote_impl_tit_ap | bas_lote_impl_tit_ap_previsao","Alteração de Valor Títulos",bas_tit_ap_alteracao
Financeiro,SODAP01,10,"O usuário pode processar uma fatura fictícia e processar um pagamento pela fatura.",D,BAIXO,#3a309c,#f9f9f9,"Registrar Título Manual","bas_antecip_pef_pend_pef | bas_lote_impl_tit_ap | bas_lote_impl_tit_ap_previsao","Processo de Pagamento e Baixa de Títulos","bas_bord_ap | bas_bord_ap_confirmacao | bas_cheq_ap_confirmacao | bas_lote_pagto"
Financeiro,SODAP02,11,"O usuário pode processar uma fatura fictícia e processar um pagamento pela fatura.",D,BAIXO,#3a309c,#f9f9f9,"Registrar Adiantamento",bas_antecip_pef_pend,"Registrar Título Manual","bas_antecip_pef_pend_pef | bas_lote_impl_tit_ap | bas_lote_impl_tit_ap_previsao"
Financeiro,SODAP02,11,"O usuário pode processar uma fatura fictícia e processar um pagamento pela fatura.",D,BAIXO,#3a309c,#f9f9f9,"Registrar Adiantamento",bas_antecip_pef_pend,"Alteração de Valor Títulos",bas_tit_ap_alteracao
Financeiro,SODAP02,11,"O usuário pode processar uma fatura fictícia e processar um pagamento pela fatura.",D,BAIXO,#3a309c,#f9f9f9,"Registrar Adiantamento",bas_antecip_pef_pend,"Processo de Pagamento e Baixa de Títulos","bas_bord_ap | bas_bord_ap_confirmacao | bas_cheq_ap_confirmacao | bas_lote_pagto"
Financeiro,SODAP02,11,"O usuário pode processar uma fatura fictícia e processar um pagamento pela fatura.",D,ALTO,#ff0000,#000000,"Registrar Adiantamento",bas_antecip_pef_pend,"Cadastrar Fornecedor","bas_fornecedor_fin | bas_fornec_financ | bas_fornec_financ_fin | bas_pessoa_fisic | bas_pessoa_jurid | bas_tip_fornec | bas_tip_fornec_fin | cd0401"
Financeiro,SODAP02,11,"O usuário pode processar uma fatura fictícia e processar um pagamento pela fatura.",D,ALTO,#ff0000,#000000,"Registrar Adiantamento",bas_antecip_pef_pend,"Solicitar Compra","cc0117 | cc0301 | cc0309 | cc0325 | ce0340 | ce0341 | ce0346"
Financeiro,SODAP02,11,"O usuário pode processar uma fatura fictícia e processar um pagamento pela fatura.",D,ALTO,#ff0000,#000000,"Registrar Adiantamento",bas_antecip_pef_pend,"Realizar a Compra","cc0300 | cc0311 | cn0304 | oc0201 | oc0202 | oc0203 | oc0204"
Financeiro,SODAP02,11,"O usuário pode processar uma fatura fictícia e processar um pagamento pela fatura.",D,MEDIO,#FF8C00,#FFFF,"Registrar Adiantamento",bas_antecip_pef_pend,"Aprovar Realização da Compra","cd1720a | oc0205"
Financeiro,SODAP02,11,"O usuário pode processar uma fatura fictícia e processar um pagamento pela fatura.",D,ALTO,#ff0000,#000000,"Registrar Adiantamento",bas_antecip_pef_pend,"Alterar perfis de acesso para o recebimento",re0101
Financeiro,SODAP02,11,"O usuário pode processar uma fatura fictícia e processar um pagamento pela fatura.",D,ALTO,#ff0000,#000000,"Registrar Adiantamento",bas_antecip_pef_pend,"Aprovar alterações de perfil de acesso para o recebimento",re0101
Financeiro,SODAP02,11,"O usuário pode processar uma fatura fictícia e processar um pagamento pela fatura.",D,ALTO,#ff0000,#000000,"Registrar Adiantamento",bas_antecip_pef_pend,"Receber o material comprado fisicamente","re2001 | re2005 | re2006"
Financeiro,SODAP02,11,"O usuário pode processar uma fatura fictícia e processar um pagamento pela fatura.",D,ALTO,#ff0000,#000000,"Registrar Adiantamento",bas_antecip_pef_pend,"Receber a nota fiscal","re0190 | re0402 | re1001 | re1005 | re2001"
Financeiro,SODAP02,11,"O usuário pode processar uma fatura fictícia e processar um pagamento pela fatura.",D,MEDIO,#FF8C00,#FFFF,"Registrar Adiantamento",bas_antecip_pef_pend,"Integração Com O Contas a Pagar",re0404
Financeiro,SODAP02,11,"O usuário pode processar uma fatura fictícia e processar um pagamento pela fatura.",D,MEDIO,#FF8C00,#FFFF,"Registrar Adiantamento",bas_antecip_pef_pend,"Cancelamento de Títulos",bas_tit_ap_estorno
Financeiro,SODAP02,11,"O usuário pode processar uma fatura fictícia e processar um pagamento pela fatura.",D,ALTO,#ff0000,#000000,"Registrar Adiantamento",bas_antecip_pef_pend,"Permissão para Inclusão/Alteração/Pagamento/Cancelamento",bas_usuar_financ_estab_apb
Financeiro,SODAP03,12,"O usuário pode processar uma fatura fictícia, relizar alteração de titulo já existente.",D,ALTO,#ff0000,#000000,"Alteração de Valor Títulos",bas_tit_ap_alteracao,"Cadastrar Fornecedor","bas_fornecedor_fin | bas_fornec_financ | bas_fornec_financ_fin | bas_pessoa_fisic | bas_pessoa_jurid | bas_tip_fornec | bas_tip_fornec_fin | cd0401"
Financeiro,SODAP03,12,"O usuário pode processar uma fatura fictícia, relizar alteração de titulo já existente.",D,ALTO,#ff0000,#000000,"Alteração de Valor Títulos",bas_tit_ap_alteracao,"Solicitar Compra","cc0117 | cc0301 | cc0309 | cc0325 | ce0340 | ce0341 | ce0346"
Financeiro,SODAP03,12,"O usuário pode processar uma fatura fictícia, relizar alteração de titulo já existente.",D,ALTO,#ff0000,#000000,"Alteração de Valor Títulos",bas_tit_ap_alteracao,"Realizar a Compra","cc0300 | cc0311 | cn0304 | oc0201 | oc0202 | oc0203 | oc0204"
Financeiro,SODAP03,12,"O usuário pode processar uma fatura fictícia, relizar alteração de titulo já existente.",D,MEDIO,#FF8C00,#FFFF,"Alteração de Valor Títulos",bas_tit_ap_alteracao,"Aprovar Realização da Compra","cd1720a | oc0205"
Financeiro,SODAP03,12,"O usuário pode processar uma fatura fictícia, relizar alteração de titulo já existente.",D,ALTO,#ff0000,#000000,"Alteração de Valor Títulos",bas_tit_ap_alteracao,"Alterar perfis de acesso para o recebimento",re0101
Financeiro,SODAP03,12,"O usuário pode processar uma fatura fictícia, relizar alteração de titulo já existente.",D,ALTO,#ff0000,#000000,"Alteração de Valor Títulos",bas_tit_ap_alteracao,"Aprovar alterações de perfil de acesso para o recebimento",re0101
Financeiro,SODAP03,12,"O usuário pode processar uma fatura fictícia, relizar alteração de titulo já existente.",D,ALTO,#ff0000,#000000,"Alteração de Valor Títulos",bas_tit_ap_alteracao,"Receber o material comprado fisicamente","re2001 | re2005 | re2006"
Financeiro,SODAP03,12,"O usuário pode processar uma fatura fictícia, relizar alteração de titulo já existente.",D,ALTO,#ff0000,#000000,"Alteração de Valor Títulos",bas_tit_ap_alteracao,"Receber a nota fiscal","re0190 | re0402 | re1001 | re1005 | re2001"
Financeiro,SODAP03,12,"O usuário pode processar uma fatura fictícia, relizar alteração de titulo já existente.",D,MEDIO,#FF8C00,#FFFF,"Alteração de Valor Títulos",bas_tit_ap_alteracao,"Integração Com O Contas a Pagar",re0404
Financeiro,SODAP03,12,"O usuário pode processar uma fatura fictícia, relizar alteração de titulo já existente.",D,ALTO,#ff0000,#000000,"Alteração de Valor Títulos",bas_tit_ap_alteracao,"Registrar Título Manual","bas_antecip_pef_pend_pef | bas_lote_impl_tit_ap | bas_lote_impl_tit_ap_previsao"
Financeiro,SODAP03,12,"O usuário pode processar uma fatura fictícia, relizar alteração de titulo já existente.",D,ALTO,#ff0000,#000000,"Alteração de Valor Títulos",bas_tit_ap_alteracao,"Registrar Adiantamento",bas_antecip_pef_pend
Financeiro,SODAP03,12,"O usuário pode processar uma fatura fictícia, relizar alteração de titulo já existente.",D,ALTO,#ff0000,#000000,"Alteração de Valor Títulos",bas_tit_ap_alteracao,"Permissão para Inclusão/Alteração/Pagamento/Cancelamento",bas_usuar_financ_estab_apb
Financeiro,SODAP03,12,"O usuário pode processar uma fatura fictícia, relizar alteração de titulo já existente.",D,BAIXO,#3a309c,#f9f9f9,"Alteração de Valor Títulos",bas_tit_ap_alteracao,"Processo de Pagamento e Baixa de Títulos","bas_bord_ap | bas_bord_ap_confirmacao | bas_cheq_ap_confirmacao | bas_lote_pagto"
Financeiro,SODAP03,12,"O usuário pode processar uma fatura fictícia, relizar alteração de titulo já existente.",D,MEDIO,#FF8C00,#FFFF,"Alteração de Valor Títulos",bas_tit_ap_alteracao,"Cancelamento de Títulos",bas_tit_ap_estorno
Financeiro,SODAP04,13,"O usuário pode processar uma fatura fictícia e processar um pagamento pela fatura.",D,BAIXO,#3a309c,#f9f9f9,"Processo de Pagamento e Baixa de Títulos","bas_bord_ap | bas_bord_ap_confirmacao | bas_cheq_ap_confirmacao | bas_lote_pagto","Cadastrar Fornecedor","bas_fornecedor_fin | bas_fornec_financ | bas_fornec_financ_fin | bas_pessoa_fisic | bas_pessoa_jurid | bas_tip_fornec | bas_tip_fornec_fin | cd0401"
Financeiro,SODAP04,13,"O usuário pode processar uma fatura fictícia e processar um pagamento pela fatura.",D,BAIXO,#3a309c,#f9f9f9,"Processo de Pagamento e Baixa de Títulos","bas_bord_ap | bas_bord_ap_confirmacao | bas_cheq_ap_confirmacao | bas_lote_pagto","Cancelamento de Títulos",bas_tit_ap_estorno
Financeiro,SODAP04,13,"O usuário pode processar uma fatura fictícia e processar um pagamento pela fatura.",D,BAIXO,#3a309c,#f9f9f9,"Processo de Pagamento e Baixa de Títulos","bas_bord_ap | bas_bord_ap_confirmacao | bas_cheq_ap_confirmacao | bas_lote_pagto","Registrar Título Manual","bas_antecip_pef_pend_pef | bas_lote_impl_tit_ap | bas_lote_impl_tit_ap_previsao"
Financeiro,SODAP04,13,"O usuário pode processar uma fatura fictícia e processar um pagamento pela fatura.",D,BAIXO,#3a309c,#f9f9f9,"Processo de Pagamento e Baixa de Títulos","bas_bord_ap | bas_bord_ap_confirmacao | bas_cheq_ap_confirmacao | bas_lote_pagto","Registrar Adiantamento",bas_antecip_pef_pend
Financeiro,SODAP04,13,"O usuário pode processar uma fatura fictícia e processar um pagamento pela fatura.",D,BAIXO,#3a309c,#f9f9f9,"Processo de Pagamento e Baixa de Títulos","bas_bord_ap | bas_bord_ap_confirmacao | bas_cheq_ap_confirmacao | bas_lote_pagto","Permissão para Inclusão/Alteração/Pagamento/Cancelamento",bas_usuar_financ_estab_apb
Financeiro,SODAP04,13,"O usuário pode processar uma fatura fictícia e processar um pagamento pela fatura.",D,ALTO,#ff0000,#000000,"Processo de Pagamento e Baixa de Títulos","bas_bord_ap | bas_bord_ap_confirmacao | bas_cheq_ap_confirmacao | bas_lote_pagto","Receber o material comprado fisicamente","re2001 | re2005 | re2006"
Financeiro,SODAP04,13,"O usuário pode processar uma fatura fictícia e processar um pagamento pela fatura.",D,ALTO,#ff0000,#000000,"Processo de Pagamento e Baixa de Títulos","bas_bord_ap | bas_bord_ap_confirmacao | bas_cheq_ap_confirmacao | bas_lote_pagto","Receber a nota fiscal","re0190 | re0402 | re1001 | re1005 | re2001"
Financeiro,SODAP04,13,"O usuário pode processar uma fatura fictícia e processar um pagamento pela fatura.",D,MEDIO,#FF8C00,#FFFF,"Processo de Pagamento e Baixa de Títulos","bas_bord_ap | bas_bord_ap_confirmacao | bas_cheq_ap_confirmacao | bas_lote_pagto","Integração Com O Contas a Pagar",re0404
Financeiro,SODAP04,13,"O usuário pode processar uma fatura fictícia e processar um pagamento pela fatura.",D,MEDIO,#FF8C00,#FFFF,"Processo de Pagamento e Baixa de Títulos","bas_bord_ap | bas_bord_ap_confirmacao | bas_cheq_ap_confirmacao | bas_lote_pagto","Alteração de Valor Títulos",bas_tit_ap_alteracao
Financeiro,SODAP04,13,"O usuário pode processar uma fatura fictícia e processar um pagamento pela fatura.",D,ALTO,#ff0000,#000000,"Processo de Pagamento e Baixa de Títulos","bas_bord_ap | bas_bord_ap_confirmacao | bas_cheq_ap_confirmacao | bas_lote_pagto","Solicitar Compra","cc0117 | cc0301 | cc0309 | cc0325 | ce0340 | ce0341 | ce0346"
Financeiro,SODAP04,13,"O usuário pode processar uma fatura fictícia e processar um pagamento pela fatura.",D,ALTO,#ff0000,#000000,"Processo de Pagamento e Baixa de Títulos","bas_bord_ap | bas_bord_ap_confirmacao | bas_cheq_ap_confirmacao | bas_lote_pagto","Realizar a Compra","cc0300 | cc0311 | cn0304 | oc0201 | oc0202 | oc0203 | oc0204"
Financeiro,SODAP04,13,"O usuário pode processar uma fatura fictícia e processar um pagamento pela fatura.",D,MEDIO,#FF8C00,#FFFF,"Processo de Pagamento e Baixa de Títulos","bas_bord_ap | bas_bord_ap_confirmacao | bas_cheq_ap_confirmacao | bas_lote_pagto","Aprovar Realização da Compra","cd1720a | oc0205"
Financeiro,SODAP04,13,"O usuário pode processar uma fatura fictícia e processar um pagamento pela fatura.",D,ALTO,#ff0000,#000000,"Processo de Pagamento e Baixa de Títulos","bas_bord_ap | bas_bord_ap_confirmacao | bas_cheq_ap_confirmacao | bas_lote_pagto","Alterar perfis de acesso para o recebimento",re0101
Financeiro,SODAP04,13,"O usuário pode processar uma fatura fictícia e processar um pagamento pela fatura.",D,ALTO,#ff0000,#000000,"Processo de Pagamento e Baixa de Títulos","bas_bord_ap | bas_bord_ap_confirmacao | bas_cheq_ap_confirmacao | bas_lote_pagto","Aprovar alterações de perfil de acesso para o recebimento",re0101
Financeiro,SODAP05,14,"O usuário pode processar o cancelamento de uma fatura fictícia.",D,BAIXO,#3a309c,#f9f9f9,"Cancelamento de Títulos",bas_tit_ap_estorno,"Cadastrar Fornecedor","bas_fornecedor_fin | bas_fornec_financ | bas_fornec_financ_fin | bas_pessoa_fisic | bas_pessoa_jurid | bas_tip_fornec | bas_tip_fornec_fin | cd0401"
Financeiro,SODAP05,14,"O usuário pode processar o cancelamento de uma fatura fictícia.",D,BAIXO,#3a309c,#f9f9f9,"Cancelamento de Títulos",bas_tit_ap_estorno,"Processo de Pagamento e Baixa de Títulos","bas_bord_ap | bas_bord_ap_confirmacao | bas_cheq_ap_confirmacao | bas_lote_pagto"
Financeiro,SODAP05,14,"O usuário pode processar o cancelamento de uma fatura fictícia.",D,MEDIO,#FF8C00,#FFFF,"Cancelamento de Títulos",bas_tit_ap_estorno,"Alteração de Valor Títulos",bas_tit_ap_alteracao
Financeiro,SODAP05,14,"O usuário pode processar o cancelamento de uma fatura fictícia.",D,ALTO,#ff0000,#000000,"Cancelamento de Títulos",bas_tit_ap_estorno,"Registrar Título Manual","bas_antecip_pef_pend_pef | bas_lote_impl_tit_ap | bas_lote_impl_tit_ap_previsao"
Financeiro,SODAP05,14,"O usuário pode processar o cancelamento de uma fatura fictícia.",D,ALTO,#ff0000,#000000,"Cancelamento de Títulos",bas_tit_ap_estorno,"Solicitar Compra","cc0117 | cc0301 | cc0309 | cc0325 | ce0340 | ce0341 | ce0346"
Financeiro,SODAP05,14,"O usuário pode processar o cancelamento de uma fatura fictícia.",D,ALTO,#ff0000,#000000,"Cancelamento de Títulos",bas_tit_ap_estorno,"Realizar a Compra","cc0300 | cc0311 | cn0304 | oc0201 | oc0202 | oc0203 | oc0204"
Financeiro,SODAP05,14,"O usuário pode processar o cancelamento de uma fatura fictícia.",D,MEDIO,#FF8C00,#FFFF,"Cancelamento de Títulos",bas_tit_ap_estorno,"Aprovar Realização da Compra","cd1720a | oc0205"
Financeiro,SODAP05,14,"O usuário pode processar o cancelamento de uma fatura fictícia.",D,ALTO,#ff0000,#000000,"Cancelamento de Títulos",bas_tit_ap_estorno,"Alterar perfis de acesso para o recebimento",re0101
Financeiro,SODAP05,14,"O usuário pode processar o cancelamento de uma fatura fictícia.",D,ALTO,#ff0000,#000000,"Cancelamento de Títulos",bas_tit_ap_estorno,"Aprovar alterações de perfil de acesso para o recebimento",re0101
Financeiro,SODAP05,14,"O usuário pode processar o cancelamento de uma fatura fictícia.",D,ALTO,#ff0000,#000000,"Cancelamento de Títulos",bas_tit_ap_estorno,"Receber o material comprado fisicamente","re2001 | re2005 | re2006"
Financeiro,SODAP05,14,"O usuário pode processar o cancelamento de uma fatura fictícia.",D,ALTO,#ff0000,#000000,"Cancelamento de Títulos",bas_tit_ap_estorno,"Receber a nota fiscal","re0190 | re0402 | re1001 | re1005 | re2001"
Financeiro,SODAP05,14,"O usuário pode processar o cancelamento de uma fatura fictícia.",D,MEDIO,#FF8C00,#FFFF,"Cancelamento de Títulos",bas_tit_ap_estorno,"Integração Com O Contas a Pagar",re0404
Financeiro,SODAP05,14,"O usuário pode processar o cancelamento de uma fatura fictícia.",D,ALTO,#ff0000,#000000,"Cancelamento de Títulos",bas_tit_ap_estorno,"Registrar Adiantamento",bas_antecip_pef_pend
Financeiro,SODAP05,14,"O usuário pode processar o cancelamento de uma fatura fictícia.",D,ALTO,#ff0000,#000000,"Cancelamento de Títulos",bas_tit_ap_estorno,"Permissão para Inclusão/Alteração/Pagamento/Cancelamento",bas_usuar_financ_estab_apb
Financeiro,SODAP06,15,"O usuário pode processar uma fatura fictícia.",D,ALTO,#ff0000,#000000,"Permissão para Inclusão/Alteração/Pagamento/Cancelamento",bas_usuar_financ_estab_apb,"Cadastrar Fornecedor","bas_fornecedor_fin | bas_fornec_financ | bas_fornec_financ_fin | bas_pessoa_fisic | bas_pessoa_jurid | bas_tip_fornec | bas_tip_fornec_fin | cd0401"
Financeiro,SODAP06,15,"O usuário pode processar uma fatura fictícia.",D,ALTO,#ff0000,#000000,"Permissão para Inclusão/Alteração/Pagamento/Cancelamento",bas_usuar_financ_estab_apb,"Solicitar Compra","cc0117 | cc0301 | cc0309 | cc0325 | ce0340 | ce0341 | ce0346"
Financeiro,SODAP06,15,"O usuário pode processar uma fatura fictícia.",D,ALTO,#ff0000,#000000,"Permissão para Inclusão/Alteração/Pagamento/Cancelamento",bas_usuar_financ_estab_apb,"Realizar a Compra","cc0300 | cc0311 | cn0304 | oc0201 | oc0202 | oc0203 | oc0204"
Financeiro,SODAP06,15,"O usuário pode processar uma fatura fictícia.",D,MEDIO,#FF8C00,#FFFF,"Permissão para Inclusão/Alteração/Pagamento/Cancelamento",bas_usuar_financ_estab_apb,"Aprovar Realização da Compra","cd1720a | oc0205"
Financeiro,SODAP06,15,"O usuário pode processar uma fatura fictícia.",D,ALTO,#ff0000,#000000,"Permissão para Inclusão/Alteração/Pagamento/Cancelamento",bas_usuar_financ_estab_apb,"Alterar perfis de acesso para o recebimento",re0101
Financeiro,SODAP06,15,"O usuário pode processar uma fatura fictícia.",D,ALTO,#ff0000,#000000,"Permissão para Inclusão/Alteração/Pagamento/Cancelamento",bas_usuar_financ_estab_apb,"Aprovar alterações de perfil de acesso para o recebimento",re0101
Financeiro,SODAP06,15,"O usuário pode processar uma fatura fictícia.",D,ALTO,#ff0000,#000000,"Permissão para Inclusão/Alteração/Pagamento/Cancelamento",bas_usuar_financ_estab_apb,"Receber o material comprado fisicamente","re2001 | re2005 | re2006"
Financeiro,SODAP06,15,"O usuário pode processar uma fatura fictícia.",D,ALTO,#ff0000,#000000,"Permissão para Inclusão/Alteração/Pagamento/Cancelamento",bas_usuar_financ_estab_apb,"Receber a nota fiscal","re0190 | re0402 | re1001 | re1005 | re2001"
Financeiro,SODAP06,15,"O usuário pode processar uma fatura fictícia.",D,MEDIO,#FF8C00,#FFFF,"Permissão para Inclusão/Alteração/Pagamento/Cancelamento",bas_usuar_financ_estab_apb,"Integração Com O Contas a Pagar",re0404
Financeiro,SODAP06,15,"O usuário pode processar uma fatura fictícia.",D,ALTO,#ff0000,#000000,"Permissão para Inclusão/Alteração/Pagamento/Cancelamento",bas_usuar_financ_estab_apb,"Registrar Adiantamento",bas_antecip_pef_pend
Financeiro,SODAP06,15,"O usuário pode processar uma fatura fictícia.",D,ALTO,#ff0000,#000000,"Permissão para Inclusão/Alteração/Pagamento/Cancelamento",bas_usuar_financ_estab_apb,"Cancelamento de Títulos",bas_tit_ap_estorno
Financeiro,SODAP06,15,"O usuário pode processar uma fatura fictícia.",D,BAIXO,#3a309c,#f9f9f9,"Permissão para Inclusão/Alteração/Pagamento/Cancelamento",bas_usuar_financ_estab_apb,"Alteração de Valor Títulos",bas_tit_ap_alteracao
Financeiro,SODAP06,15,"O usuário pode processar uma fatura fictícia.",D,BAIXO,#3a309c,#f9f9f9,"Permissão para Inclusão/Alteração/Pagamento/Cancelamento",bas_usuar_financ_estab_apb,"Registrar Título Manual","bas_antecip_pef_pend_pef | bas_lote_impl_tit_ap | bas_lote_impl_tit_ap_previsao"
Financeiro,SODAP06,15,"O usuário pode processar uma fatura fictícia.",D,BAIXO,#3a309c,#f9f9f9,"Permissão para Inclusão/Alteração/Pagamento/Cancelamento",bas_usuar_financ_estab_apb,"Processo de Pagamento e Baixa de Títulos","bas_bord_ap | bas_bord_ap_confirmacao | bas_cheq_ap_confirmacao | bas_lote_pagto"
Financeiro,SODCR01,26,"O usuário pode criar / alterar uma fatura e entrar / alterar pagamentos em relação à fatura, O usuário pode limpar as faturas de forma inadequada através da manutenção de recibos de clientes e notas de crédito do cliente",D,MEDIO,#FF8C00,#FFFF,"Registrar Título / Adiantamento",bas_lote_impl_tit_acr,"Permissão de Usuários Vendas",cd0821
Financeiro,SODCR01,26,"O usuário pode criar / alterar uma fatura e entrar / alterar pagamentos em relação à fatura, O usuário pode limpar as faturas de forma inadequada através da manutenção de recibos de clientes e notas de crédito do cliente",D,BAIXO,#3a309c,#f9f9f9,"Registrar Título / Adiantamento",bas_lote_impl_tit_acr,"Alteração de Valor Títulos",bas_tit_acr_alteracao
Financeiro,SODCR01,26,"O usuário pode criar / alterar uma fatura e entrar / alterar pagamentos em relação à fatura, O usuário pode limpar as faturas de forma inadequada através da manutenção de recibos de clientes e notas de crédito do cliente",D,BAIXO,#3a309c,#f9f9f9,"Registrar Título / Adiantamento",bas_lote_impl_tit_acr,"Liquidação Títulos Recebimento",bas_lote_liquidac_acr
Financeiro,SODCR01,26,"O usuário pode criar / alterar uma fatura e entrar / alterar pagamentos em relação à fatura, O usuário pode limpar as faturas de forma inadequada através da manutenção de recibos de clientes e notas de crédito do cliente",D,BAIXO,#3a309c,#f9f9f9,"Registrar Título / Adiantamento",bas_lote_impl_tit_acr,"Cancelamento de Títulos",bas_tit_acr_estorno
Financeiro,SODCR01,26,"O usuário pode criar / alterar uma fatura e entrar / alterar pagamentos em relação à fatura, O usuário pode limpar as faturas de forma inadequada através da manutenção de recibos de clientes e notas de crédito do cliente",D,BAIXO,#3a309c,#f9f9f9,"Registrar Título / Adiantamento",bas_lote_impl_tit_acr,"Cadastrar Cliente","bas_cliente_fin | bas_cliente_lib_pedido | bas_cliente_negoc_titulos | bas_cliente_novo | bas_pessoa_fisic | bas_pessoa_jurid_tec | bas_unid_negoc | cd0704 | cd1510 | pd0507"
Financeiro,SODCR01,26,"O usuário pode criar / alterar uma fatura e entrar / alterar pagamentos em relação à fatura, O usuário pode limpar as faturas de forma inadequada através da manutenção de recibos de clientes e notas de crédito do cliente",D,BAIXO,#3a309c,#f9f9f9,"Registrar Título / Adiantamento",bas_lote_impl_tit_acr,"Alterar perfis de acesso para o Faturamento",cd0821
Financeiro,SODCR01,26,"O usuário pode criar / alterar uma fatura e entrar / alterar pagamentos em relação à fatura, O usuário pode limpar as faturas de forma inadequada através da manutenção de recibos de clientes e notas de crédito do cliente",D,BAIXO,#3a309c,#f9f9f9,"Registrar Título / Adiantamento",bas_lote_impl_tit_acr,"Aprovar alterações de perfil de acesso para o faturamento",cd0821
Financeiro,SODCR01,26,"O usuário pode criar / alterar uma fatura e entrar / alterar pagamentos em relação à fatura, O usuário pode limpar as faturas de forma inadequada através da manutenção de recibos de clientes e notas de crédito do cliente",D,BAIXO,#3a309c,#f9f9f9,"Registrar Título / Adiantamento",bas_lote_impl_tit_acr,"Solicitar Venda",pd4000
Financeiro,SODCR01,26,"O usuário pode criar / alterar uma fatura e entrar / alterar pagamentos em relação à fatura, O usuário pode limpar as faturas de forma inadequada através da manutenção de recibos de clientes e notas de crédito do cliente",D,BAIXO,#3a309c,#f9f9f9,"Registrar Título / Adiantamento",bas_lote_impl_tit_acr,"Integração Com o Contas a Receber",ft0603
Financeiro,SODCR01,26,"O usuário pode criar / alterar uma fatura e entrar / alterar pagamentos em relação à fatura, O usuário pode limpar as faturas de forma inadequada através da manutenção de recibos de clientes e notas de crédito do cliente",D,BAIXO,#3a309c,#f9f9f9,"Registrar Título / Adiantamento",bas_lote_impl_tit_acr,"Faturar pedido de venda","eq0503 | eq0504 | eq0505 | eq0506 | eq0508 | ft0502 | ft0518 | ft2200 | ft4001 | ft4002 | ft4003"
Financeiro,SODCR01,26,"O usuário pode criar / alterar uma fatura e entrar / alterar pagamentos em relação à fatura, O usuário pode limpar as faturas de forma inadequada através da manutenção de recibos de clientes e notas de crédito do cliente",D,ALTO,#ff0000,#000000,"Registrar Título / Adiantamento",bas_lote_impl_tit_acr,"Manutenção de Crédito de Clientes","cm0101 | cm0102 | cm0202"
Financeiro,SODCR01,26,"O usuário pode criar / alterar uma fatura e entrar / alterar pagamentos em relação à fatura, O usuário pode limpar as faturas de forma inadequada através da manutenção de recibos de clientes e notas de crédito do cliente",D,ALTO,#ff0000,#000000,"Registrar Título / Adiantamento",bas_lote_impl_tit_acr,"Permissão de usários Crédito",cd4600
Financeiro,SODCR01,26,"O usuário pode criar / alterar uma fatura e entrar / alterar pagamentos em relação à fatura, O usuário pode limpar as faturas de forma inadequada através da manutenção de recibos de clientes e notas de crédito do cliente",D,ALTO,#ff0000,#000000,"Registrar Título / Adiantamento",bas_lote_impl_tit_acr,"Aprovar Venda","cd0203 | cm0201 | cm0202"
Financeiro,SODCR01,26,"O usuário pode criar / alterar uma fatura e entrar / alterar pagamentos em relação à fatura, O usuário pode limpar as faturas de forma inadequada através da manutenção de recibos de clientes e notas de crédito do cliente",D,ALTO,#ff0000,#000000,"Registrar Título / Adiantamento",bas_lote_impl_tit_acr,"Permissão para Inclusão/Alteração/Baixa/Cancelamento",bas_usuar_financ_estab_acr
Financeiro,SODCR02,27,"A capacidade de inserir ou modificar pagamentos antecipados para os clientes e a capacidade de criar ou modificar informações da conta do cliente devem ser segregadas. Se a mesma pessoa puder processar ambos os itens, alterações não autorizadas podem ser feitas e possivelmente não detectadas. Isso poderia resultar em cobranças de caixa reduzidas, saldos de contas-gerais, fraude, etc.",D,ALTO,#ff0000,#000000,"Alteração de Valor Títulos",bas_tit_acr_alteracao,"Cadastrar Cliente","bas_cliente_fin | bas_cliente_lib_pedido | bas_cliente_negoc_titulos | bas_cliente_novo | bas_pessoa_fisic | bas_pessoa_jurid_tec | bas_unid_negoc | cd0704 | cd1510 | pd0507"
Financeiro,SODCR02,27,"A capacidade de inserir ou modificar pagamentos antecipados para os clientes e a capacidade de criar ou modificar informações da conta do cliente devem ser segregadas. Se a mesma pessoa puder processar ambos os itens, alterações não autorizadas podem ser feitas e possivelmente não detectadas. Isso poderia resultar em cobranças de caixa reduzidas, saldos de contas-gerais, fraude, etc.",D,ALTO,#ff0000,#000000,"Alteração de Valor Títulos",bas_tit_acr_alteracao,"Manutenção de Crédito de Clientes","cm0101 | cm0102 | cm0202"
Financeiro,SODCR02,27,"A capacidade de inserir ou modificar pagamentos antecipados para os clientes e a capacidade de criar ou modificar informações da conta do cliente devem ser segregadas. Se a mesma pessoa puder processar ambos os itens, alterações não autorizadas podem ser feitas e possivelmente não detectadas. Isso poderia resultar em cobranças de caixa reduzidas, saldos de contas-gerais, fraude, etc.",D,ALTO,#ff0000,#000000,"Alteração de Valor Títulos",bas_tit_acr_alteracao,"Permissão de usários Crédito",cd4600
Financeiro,SODCR02,27,"A capacidade de inserir ou modificar pagamentos antecipados para os clientes e a capacidade de criar ou modificar informações da conta do cliente devem ser segregadas. Se a mesma pessoa puder processar ambos os itens, alterações não autorizadas podem ser feitas e possivelmente não detectadas. Isso poderia resultar em cobranças de caixa reduzidas, saldos de contas-gerais, fraude, etc.",D,ALTO,#ff0000,#000000,"Alteração de Valor Títulos",bas_tit_acr_alteracao,"Solicitar Venda",pd4000
Financeiro,SODCR02,27,"A capacidade de inserir ou modificar pagamentos antecipados para os clientes e a capacidade de criar ou modificar informações da conta do cliente devem ser segregadas. Se a mesma pessoa puder processar ambos os itens, alterações não autorizadas podem ser feitas e possivelmente não detectadas. Isso poderia resultar em cobranças de caixa reduzidas, saldos de contas-gerais, fraude, etc.",D,ALTO,#ff0000,#000000,"Alteração de Valor Títulos",bas_tit_acr_alteracao,"Aprovar Venda","cd0203 | cm0201 | cm0202"
Financeiro,SODCR02,27,"A capacidade de inserir ou modificar pagamentos antecipados para os clientes e a capacidade de criar ou modificar informações da conta do cliente devem ser segregadas. Se a mesma pessoa puder processar ambos os itens, alterações não autorizadas podem ser feitas e possivelmente não detectadas. Isso poderia resultar em cobranças de caixa reduzidas, saldos de contas-gerais, fraude, etc.",D,ALTO,#ff0000,#000000,"Alteração de Valor Títulos",bas_tit_acr_alteracao,"Alterar perfis de acesso para o Faturamento",cd0821
Financeiro,SODCR02,27,"A capacidade de inserir ou modificar pagamentos antecipados para os clientes e a capacidade de criar ou modificar informações da conta do cliente devem ser segregadas. Se a mesma pessoa puder processar ambos os itens, alterações não autorizadas podem ser feitas e possivelmente não detectadas. Isso poderia resultar em cobranças de caixa reduzidas, saldos de contas-gerais, fraude, etc.",D,ALTO,#ff0000,#000000,"Alteração de Valor Títulos",bas_tit_acr_alteracao,"Aprovar alterações de perfil de acesso para o faturamento",cd0821
Financeiro,SODCR02,27,"A capacidade de inserir ou modificar pagamentos antecipados para os clientes e a capacidade de criar ou modificar informações da conta do cliente devem ser segregadas. Se a mesma pessoa puder processar ambos os itens, alterações não autorizadas podem ser feitas e possivelmente não detectadas. Isso poderia resultar em cobranças de caixa reduzidas, saldos de contas-gerais, fraude, etc.",D,MEDIO,#FF8C00,#FFFF,"Alteração de Valor Títulos",bas_tit_acr_alteracao,"Faturar pedido de venda","eq0503 | eq0504 | eq0505 | eq0506 | eq0508 | ft0502 | ft0518 | ft2200 | ft4001 | ft4002 | ft4003"
Financeiro,SODCR02,27,"A capacidade de inserir ou modificar pagamentos antecipados para os clientes e a capacidade de criar ou modificar informações da conta do cliente devem ser segregadas. Se a mesma pessoa puder processar ambos os itens, alterações não autorizadas podem ser feitas e possivelmente não detectadas. Isso poderia resultar em cobranças de caixa reduzidas, saldos de contas-gerais, fraude, etc.",D,ALTO,#ff0000,#000000,"Alteração de Valor Títulos",bas_tit_acr_alteracao,"Integração Com o Contas a Receber",ft0603
Financeiro,SODCR02,27,"A capacidade de inserir ou modificar pagamentos antecipados para os clientes e a capacidade de criar ou modificar informações da conta do cliente devem ser segregadas. Se a mesma pessoa puder processar ambos os itens, alterações não autorizadas podem ser feitas e possivelmente não detectadas. Isso poderia resultar em cobranças de caixa reduzidas, saldos de contas-gerais, fraude, etc.",D,ALTO,#ff0000,#000000,"Alteração de Valor Títulos",bas_tit_acr_alteracao,"Permissão para Inclusão/Alteração/Baixa/Cancelamento",bas_usuar_financ_estab_acr
Financeiro,SODCR02,27,"A capacidade de inserir ou modificar pagamentos antecipados para os clientes e a capacidade de criar ou modificar informações da conta do cliente devem ser segregadas. Se a mesma pessoa puder processar ambos os itens, alterações não autorizadas podem ser feitas e possivelmente não detectadas. Isso poderia resultar em cobranças de caixa reduzidas, saldos de contas-gerais, fraude, etc.",D,MEDIO,#FF8C00,#FFFF,"Alteração de Valor Títulos",bas_tit_acr_alteracao,"Permissão de Usuários Vendas",cd0821
Financeiro,SODCR02,27,"A capacidade de inserir ou modificar pagamentos antecipados para os clientes e a capacidade de criar ou modificar informações da conta do cliente devem ser segregadas. Se a mesma pessoa puder processar ambos os itens, alterações não autorizadas podem ser feitas e possivelmente não detectadas. Isso poderia resultar em cobranças de caixa reduzidas, saldos de contas-gerais, fraude, etc.",D,BAIXO,#3a309c,#f9f9f9,"Alteração de Valor Títulos",bas_tit_acr_alteracao,"Registrar Título / Adiantamento",bas_lote_impl_tit_acr
Financeiro,SODCR02,27,"A capacidade de inserir ou modificar pagamentos antecipados para os clientes e a capacidade de criar ou modificar informações da conta do cliente devem ser segregadas. Se a mesma pessoa puder processar ambos os itens, alterações não autorizadas podem ser feitas e possivelmente não detectadas. Isso poderia resultar em cobranças de caixa reduzidas, saldos de contas-gerais, fraude, etc.",D,BAIXO,#3a309c,#f9f9f9,"Alteração de Valor Títulos",bas_tit_acr_alteracao,"Liquidação Títulos Recebimento",bas_lote_liquidac_acr
Financeiro,SODCR02,27,"A capacidade de inserir ou modificar pagamentos antecipados para os clientes e a capacidade de criar ou modificar informações da conta do cliente devem ser segregadas. Se a mesma pessoa puder processar ambos os itens, alterações não autorizadas podem ser feitas e possivelmente não detectadas. Isso poderia resultar em cobranças de caixa reduzidas, saldos de contas-gerais, fraude, etc.",D,BAIXO,#3a309c,#f9f9f9,"Alteração de Valor Títulos",bas_tit_acr_alteracao,"Cancelamento de Títulos",bas_tit_acr_estorno
Financeiro,SODCR03,28,"O usuário pode criar / alterar uma fatura e entrar / alterar pagamentos em relação à fatura, O usuário pode limpar as faturas de forma inadequada através da manutenção de recibos de clientes e notas de crédito do cliente.",D,ALTO,#ff0000,#000000,"Liquidação Títulos Recebimento",bas_lote_liquidac_acr,"Cadastrar Cliente","bas_cliente_fin | bas_cliente_lib_pedido | bas_cliente_negoc_titulos | bas_cliente_novo | bas_pessoa_fisic | bas_pessoa_jurid_tec | bas_unid_negoc | cd0704 | cd1510 | pd0507"
Financeiro,SODCR03,28,"O usuário pode criar / alterar uma fatura e entrar / alterar pagamentos em relação à fatura, O usuário pode limpar as faturas de forma inadequada através da manutenção de recibos de clientes e notas de crédito do cliente.",D,ALTO,#ff0000,#000000,"Liquidação Títulos Recebimento",bas_lote_liquidac_acr,"Manutenção de Crédito de Clientes","cm0101 | cm0102 | cm0202"
Financeiro,SODCR03,28,"O usuário pode criar / alterar uma fatura e entrar / alterar pagamentos em relação à fatura, O usuário pode limpar as faturas de forma inadequada através da manutenção de recibos de clientes e notas de crédito do cliente.",D,ALTO,#ff0000,#000000,"Liquidação Títulos Recebimento",bas_lote_liquidac_acr,"Permissão de usários Crédito",cd4600
Financeiro,SODCR03,28,"O usuário pode criar / alterar uma fatura e entrar / alterar pagamentos em relação à fatura, O usuário pode limpar as faturas de forma inadequada através da manutenção de recibos de clientes e notas de crédito do cliente.",D,ALTO,#ff0000,#000000,"Liquidação Títulos Recebimento",bas_lote_liquidac_acr,"Solicitar Venda",pd4000
Financeiro,SODCR03,28,"O usuário pode criar / alterar uma fatura e entrar / alterar pagamentos em relação à fatura, O usuário pode limpar as faturas de forma inadequada através da manutenção de recibos de clientes e notas de crédito do cliente.",D,ALTO,#ff0000,#000000,"Liquidação Títulos Recebimento",bas_lote_liquidac_acr,"Aprovar Venda","cd0203 | cm0201 | cm0202"
Financeiro,SODCR03,28,"O usuário pode criar / alterar uma fatura e entrar / alterar pagamentos em relação à fatura, O usuário pode limpar as faturas de forma inadequada através da manutenção de recibos de clientes e notas de crédito do cliente.",D,ALTO,#ff0000,#000000,"Liquidação Títulos Recebimento",bas_lote_liquidac_acr,"Alterar perfis de acesso para o Faturamento",cd0821
Financeiro,SODCR03,28,"O usuário pode criar / alterar uma fatura e entrar / alterar pagamentos em relação à fatura, O usuário pode limpar as faturas de forma inadequada através da manutenção de recibos de clientes e notas de crédito do cliente.",D,ALTO,#ff0000,#000000,"Liquidação Títulos Recebimento",bas_lote_liquidac_acr,"Aprovar alterações de perfil de acesso para o faturamento",cd0821
Financeiro,SODCR03,28,"O usuário pode criar / alterar uma fatura e entrar / alterar pagamentos em relação à fatura, O usuário pode limpar as faturas de forma inadequada através da manutenção de recibos de clientes e notas de crédito do cliente.",D,MEDIO,#FF8C00,#FFFF,"Liquidação Títulos Recebimento",bas_lote_liquidac_acr,"Faturar pedido de venda","eq0503 | eq0504 | eq0505 | eq0506 | eq0508 | ft0502 | ft0518 | ft2200 | ft4001 | ft4002 | ft4003"
Financeiro,SODCR03,28,"O usuário pode criar / alterar uma fatura e entrar / alterar pagamentos em relação à fatura, O usuário pode limpar as faturas de forma inadequada através da manutenção de recibos de clientes e notas de crédito do cliente.",D,ALTO,#ff0000,#000000,"Liquidação Títulos Recebimento",bas_lote_liquidac_acr,"Integração Com o Contas a Receber",ft0603
Financeiro,SODCR03,28,"O usuário pode criar / alterar uma fatura e entrar / alterar pagamentos em relação à fatura, O usuário pode limpar as faturas de forma inadequada através da manutenção de recibos de clientes e notas de crédito do cliente.",D,ALTO,#ff0000,#000000,"Liquidação Títulos Recebimento",bas_lote_liquidac_acr,"Permissão para Inclusão/Alteração/Baixa/Cancelamento",bas_usuar_financ_estab_acr
Financeiro,SODCR03,28,"O usuário pode criar / alterar uma fatura e entrar / alterar pagamentos em relação à fatura, O usuário pode limpar as faturas de forma inadequada através da manutenção de recibos de clientes e notas de crédito do cliente.",D,MEDIO,#FF8C00,#FFFF,"Liquidação Títulos Recebimento",bas_lote_liquidac_acr,"Permissão de Usuários Vendas",cd0821
Financeiro,SODCR03,28,"O usuário pode criar / alterar uma fatura e entrar / alterar pagamentos em relação à fatura, O usuário pode limpar as faturas de forma inadequada através da manutenção de recibos de clientes e notas de crédito do cliente.",D,BAIXO,#3a309c,#f9f9f9,"Liquidação Títulos Recebimento",bas_lote_liquidac_acr,"Registrar Título / Adiantamento",bas_lote_impl_tit_acr
Financeiro,SODCR03,28,"O usuário pode criar / alterar uma fatura e entrar / alterar pagamentos em relação à fatura, O usuário pode limpar as faturas de forma inadequada através da manutenção de recibos de clientes e notas de crédito do cliente.",D,BAIXO,#3a309c,#f9f9f9,"Liquidação Títulos Recebimento",bas_lote_liquidac_acr,"Alteração de Valor Títulos",bas_tit_acr_alteracao
Financeiro,SODCR03,28,"O usuário pode criar / alterar uma fatura e entrar / alterar pagamentos em relação à fatura, O usuário pode limpar as faturas de forma inadequada através da manutenção de recibos de clientes e notas de crédito do cliente.",D,BAIXO,#3a309c,#f9f9f9,"Liquidação Títulos Recebimento",bas_lote_liquidac_acr,"Cancelamento de Títulos",bas_tit_acr_estorno
Financeiro,SODCR04,29,"O usuário pode limpar as faturas de forma inadequada através da manutenção de recibos de clientes e notas de crédito do cliente.",D,ALTO,#ff0000,#000000,"Cancelamento de Títulos",bas_tit_acr_estorno,"Cadastrar Cliente","bas_cliente_fin | bas_cliente_lib_pedido | bas_cliente_negoc_titulos | bas_cliente_novo | bas_pessoa_fisic | bas_pessoa_jurid_tec | bas_unid_negoc | cd0704 | cd1510 | pd0507"
Financeiro,SODCR04,29,"O usuário pode limpar as faturas de forma inadequada através da manutenção de recibos de clientes e notas de crédito do cliente.",D,ALTO,#ff0000,#000000,"Cancelamento de Títulos",bas_tit_acr_estorno,"Manutenção de Crédito de Clientes","cm0101 | cm0102 | cm0202"
Financeiro,SODCR04,29,"O usuário pode limpar as faturas de forma inadequada através da manutenção de recibos de clientes e notas de crédito do cliente.",D,ALTO,#ff0000,#000000,"Cancelamento de Títulos",bas_tit_acr_estorno,"Permissão de usários Crédito",cd4600
Financeiro,SODCR04,29,"O usuário pode limpar as faturas de forma inadequada através da manutenção de recibos de clientes e notas de crédito do cliente.",D,ALTO,#ff0000,#000000,"Cancelamento de Títulos",bas_tit_acr_estorno,"Solicitar Venda",pd4000
Financeiro,SODCR04,29,"O usuário pode limpar as faturas de forma inadequada através da manutenção de recibos de clientes e notas de crédito do cliente.",D,ALTO,#ff0000,#000000,"Cancelamento de Títulos",bas_tit_acr_estorno,"Aprovar Venda","cd0203 | cm0201 | cm0202"
Financeiro,SODCR04,29,"O usuário pode limpar as faturas de forma inadequada através da manutenção de recibos de clientes e notas de crédito do cliente.",D,ALTO,#ff0000,#000000,"Cancelamento de Títulos",bas_tit_acr_estorno,"Alterar perfis de acesso para o Faturamento",cd0821
Financeiro,SODCR04,29,"O usuário pode limpar as faturas de forma inadequada através da manutenção de recibos de clientes e notas de crédito do cliente.",D,ALTO,#ff0000,#000000,"Cancelamento de Títulos",bas_tit_acr_estorno,"Aprovar alterações de perfil de acesso para o faturamento",cd0821
Financeiro,SODCR04,29,"O usuário pode limpar as faturas de forma inadequada através da manutenção de recibos de clientes e notas de crédito do cliente.",D,MEDIO,#FF8C00,#FFFF,"Cancelamento de Títulos",bas_tit_acr_estorno,"Faturar pedido de venda","eq0503 | eq0504 | eq0505 | eq0506 | eq0508 | ft0502 | ft0518 | ft2200 | ft4001 | ft4002 | ft4003"
Financeiro,SODCR04,29,"O usuário pode limpar as faturas de forma inadequada através da manutenção de recibos de clientes e notas de crédito do cliente.",D,ALTO,#ff0000,#000000,"Cancelamento de Títulos",bas_tit_acr_estorno,"Integração Com o Contas a Receber",ft0603
Financeiro,SODCR04,29,"O usuário pode limpar as faturas de forma inadequada através da manutenção de recibos de clientes e notas de crédito do cliente.",D,ALTO,#ff0000,#000000,"Cancelamento de Títulos",bas_tit_acr_estorno,"Permissão para Inclusão/Alteração/Baixa/Cancelamento",bas_usuar_financ_estab_acr
Financeiro,SODCR04,29,"O usuário pode limpar as faturas de forma inadequada através da manutenção de recibos de clientes e notas de crédito do cliente.",D,MEDIO,#FF8C00,#FFFF,"Cancelamento de Títulos",bas_tit_acr_estorno,"Permissão de Usuários Vendas",cd0821
Financeiro,SODCR04,29,"O usuário pode limpar as faturas de forma inadequada através da manutenção de recibos de clientes e notas de crédito do cliente.",D,BAIXO,#3a309c,#f9f9f9,"Cancelamento de Títulos",bas_tit_acr_estorno,"Registrar Título / Adiantamento",bas_lote_impl_tit_acr
Financeiro,SODCR04,29,"O usuário pode limpar as faturas de forma inadequada através da manutenção de recibos de clientes e notas de crédito do cliente.",D,BAIXO,#3a309c,#f9f9f9,"Cancelamento de Títulos",bas_tit_acr_estorno,"Alteração de Valor Títulos",bas_tit_acr_alteracao
Financeiro,SODCR04,29,"O usuário pode limpar as faturas de forma inadequada através da manutenção de recibos de clientes e notas de crédito do cliente.",D,BAIXO,#3a309c,#f9f9f9,"Cancelamento de Títulos",bas_tit_acr_estorno,"Liquidação Títulos Recebimento",bas_lote_liquidac_acr
Financeiro,SODCR05,30,"O usuário pode criar, alterar, excluir, registros assim gerando movimentação financeira inexistente",D,ALTO,#ff0000,#000000,"Permissão para Inclusão/Alteração/Baixa/Cancelamento",bas_usuar_financ_estab_acr,"Cadastrar Cliente","bas_cliente_fin | bas_cliente_lib_pedido | bas_cliente_negoc_titulos | bas_cliente_novo | bas_pessoa_fisic | bas_pessoa_jurid_tec | bas_unid_negoc | cd0704 | cd1510 | pd0507"
Financeiro,SODCR05,30,"O usuário pode criar, alterar, excluir, registros assim gerando movimentação financeira inexistente",D,ALTO,#ff0000,#000000,"Permissão para Inclusão/Alteração/Baixa/Cancelamento",bas_usuar_financ_estab_acr,"Manutenção de Crédito de Clientes","cm0101 | cm0102 | cm0202"
Financeiro,SODCR05,30,"O usuário pode criar, alterar, excluir, registros assim gerando movimentação financeira inexistente",D,ALTO,#ff0000,#000000,"Permissão para Inclusão/Alteração/Baixa/Cancelamento",bas_usuar_financ_estab_acr,"Permissão de usários Crédito",cd4600
Financeiro,SODCR05,30,"O usuário pode criar, alterar, excluir, registros assim gerando movimentação financeira inexistente",D,ALTO,#ff0000,#000000,"Permissão para Inclusão/Alteração/Baixa/Cancelamento",bas_usuar_financ_estab_acr,"Solicitar Venda",pd4000
Financeiro,SODCR05,30,"O usuário pode criar, alterar, excluir, registros assim gerando movimentação financeira inexistente",D,ALTO,#ff0000,#000000,"Permissão para Inclusão/Alteração/Baixa/Cancelamento",bas_usuar_financ_estab_acr,"Aprovar Venda","cd0203 | cm0201 | cm0202"
Financeiro,SODCR05,30,"O usuário pode criar, alterar, excluir, registros assim gerando movimentação financeira inexistente",D,ALTO,#ff0000,#000000,"Permissão para Inclusão/Alteração/Baixa/Cancelamento",bas_usuar_financ_estab_acr,"Alterar perfis de acesso para o Faturamento",cd0821
Financeiro,SODCR05,30,"O usuário pode criar, alterar, excluir, registros assim gerando movimentação financeira inexistente",D,ALTO,#ff0000,#000000,"Permissão para Inclusão/Alteração/Baixa/Cancelamento",bas_usuar_financ_estab_acr,"Aprovar alterações de perfil de acesso para o faturamento",cd0821
Financeiro,SODCR05,30,"O usuário pode criar, alterar, excluir, registros assim gerando movimentação financeira inexistente",D,MEDIO,#FF8C00,#FFFF,"Permissão para Inclusão/Alteração/Baixa/Cancelamento",bas_usuar_financ_estab_acr,"Faturar pedido de venda","eq0503 | eq0504 | eq0505 | eq0506 | eq0508 | ft0502 | ft0518 | ft2200 | ft4001 | ft4002 | ft4003"
Financeiro,SODCR05,30,"O usuário pode criar, alterar, excluir, registros assim gerando movimentação financeira inexistente",D,ALTO,#ff0000,#000000,"Permissão para Inclusão/Alteração/Baixa/Cancelamento",bas_usuar_financ_estab_acr,"Integração Com o Contas a Receber",ft0603
Financeiro,SODCR05,30,"O usuário pode criar, alterar, excluir, registros assim gerando movimentação financeira inexistente",D,MEDIO,#FF8C00,#FFFF,"Permissão para Inclusão/Alteração/Baixa/Cancelamento",bas_usuar_financ_estab_acr,"Registrar Título / Adiantamento",bas_lote_impl_tit_acr
Financeiro,SODCR05,30,"O usuário pode criar, alterar, excluir, registros assim gerando movimentação financeira inexistente",D,MEDIO,#FF8C00,#FFFF,"Permissão para Inclusão/Alteração/Baixa/Cancelamento",bas_usuar_financ_estab_acr,"Alteração de Valor Títulos",bas_tit_acr_alteracao
Financeiro,SODCR05,30,"O usuário pode criar, alterar, excluir, registros assim gerando movimentação financeira inexistente",D,MEDIO,#FF8C00,#FFFF,"Permissão para Inclusão/Alteração/Baixa/Cancelamento",bas_usuar_financ_estab_acr,"Liquidação Títulos Recebimento",bas_lote_liquidac_acr
Financeiro,SODCR05,30,"O usuário pode criar, alterar, excluir, registros assim gerando movimentação financeira inexistente",D,ALTO,#ff0000,#000000,"Permissão para Inclusão/Alteração/Baixa/Cancelamento",bas_usuar_financ_estab_acr,"Cancelamento de Títulos",bas_tit_acr_estorno
Financeiro,SODCR05,30,"O usuário pode criar, alterar, excluir, registros assim gerando movimentação financeira inexistente",D,MEDIO,#FF8C00,#FFFF,"Permissão para Inclusão/Alteração/Baixa/Cancelamento",bas_usuar_financ_estab_acr,"Permissão de Usuários Vendas",cd0821
Fiscal,FI01,62,"Atualizar informações de impostos, podendo gerar penalidades pelas autoridades ou desconfiança das partes interessadas nos relatórios financeiros.",D,ALTO,#ff0000,#000000,"Atualizar alíquotas de impostos","add_item_tab_prgssiv_impto | bas_imposto | bas_impto_vincul_empres | bas_tab_prgssiv_impto_retid | cd0182 | cd0606 | era_item_tab_prgssiv_impto | mod_item_tab_prgssiv_impto","Atualizar alíquotas de impostos","add_item_tab_prgssiv_impto | bas_imposto | bas_impto_vincul_empres | bas_tab_prgssiv_impto_retid | cd0182 | cd0606 | era_item_tab_prgssiv_impto | mod_item_tab_prgssiv_impto"
"Investimento ",IN01,55,"Riscos de alocação indevidas de verbas de investimento.",D,ALTO,#ff0000,#000000,"Manutenção Verbas Investimento",in0303,"Manutenção Verbas Investimento",in0303
"Recursos Humanos",SODRH01,31,"Divulgação indevida de informação de salario de um ou mais colaboradores da empresa",D,ALTO,#ff0000,#000000,"Cadastrar Funcionario","fp1440 | fp1500","Cadastrar Funcionario","fp1440 | fp1500"
"Recursos Humanos",SODRH01,31,"Divulgação indevida de informação de salario de um ou mais colaboradores da empresa",D,ALTO,#ff0000,#000000,"Emite holerite","fp3500 | fp3500a","Emite holerite","fp3500 | fp3500a"
"Recursos Humanos",SODRH01,31,"Divulgação indevida de informação de salario de um ou mais colaboradores da empresa",D,ALTO,#ff0000,#000000,"Gera listagem dados cadastrais de funcionário",fp1581,"Gera listagem dados cadastrais de funcionário",fp1581
"Recursos Humanos",SODRH01,31,"Divulgação indevida de informação de salario de um ou mais colaboradores da empresa",D,ALTO,#ff0000,#000000,"Emite recibo de férias",fr0220,"Emite recibo de férias",fr0220
"Recursos Humanos",SODRH01,31,"Divulgação indevida de informação de salario de um ou mais colaboradores da empresa",D,ALTO,#ff0000,#000000,"Gera relatório da folha",fp4000,"Gera relatório da folha",fp4000
"Recursos Humanos",SODRH01,31,"Divulgação indevida de informação de salario de um ou mais colaboradores da empresa",D,ALTO,#ff0000,#000000,"Gera arquivo EDI holerite online",FP1999,"Gera arquivo EDI holerite online",FP1999
"Recursos Humanos",SODRH01,31,"Divulgação indevida de informação de salario de um ou mais colaboradores da empresa",D,ALTO,#ff0000,#000000,"Gera arquivo EDI banco pagamento","fp0536 | fp0537 | fp0538 | fp0539 | fp0543 | fp0544 | fp0545 | fp0546 | fp0547 | fp0548 | fp0549 | fp0553 | fp0554 | fp0559 | fp0563 | fp3420 | fp3721 | fp3722 | fp3723 | fp3724 | fp3725 | fp5545 | fp5546 | fp5547 | fp5548 | fp5611 | FP5612 | fp5613 | fp5614 | fp5801 | fp5821 | fp5822 | fp5823 | fp5824 | fp5825 | fp5826 | fp5827 | fp5829 | fp5830 | fp5831 | fp5833 | fp5841 | fp5850 | fp5856 | fp5860 | fp5861 | fp5864 | fp5865 | fp5870 | fp5881 | fp5891 | fp5892 | fp5895 | fp6114 | fp6115 | fp6116 | fp6117 | fp6118 | fp6119 | fp6123 | fp6124 | fp6125 | fp6126 | fr5618 | fr5619 | fr5865 | fr5882 | fr5883","Gera arquivo EDI banco pagamento","fp0536 | fp0537 | fp0538 | fp0539 | fp0543 | fp0544 | fp0545 | fp0546 | fp0547 | fp0548 | fp0549 | fp0553 | fp0554 | fp0559 | fp0563 | fp3420 | fp3721 | fp3722 | fp3723 | fp3724 | fp3725 | fp5545 | fp5546 | fp5547 | fp5548 | fp5611 | FP5612 | fp5613 | fp5614 | fp5801 | fp5821 | fp5822 | fp5823 | fp5824 | fp5825 | fp5826 | fp5827 | fp5829 | fp5830 | fp5831 | fp5833 | fp5841 | fp5850 | fp5856 | fp5860 | fp5861 | fp5864 | fp5865 | fp5870 | fp5881 | fp5891 | fp5892 | fp5895 | fp6114 | fp6115 | fp6116 | fp6117 | fp6118 | fp6119 | fp6123 | fp6124 | fp6125 | fp6126 | fr5618 | fr5619 | fr5865 | fr5882 | fr5883"
"Recursos Humanos",SODRH09,39,"Usuario pode alterar permissões de acesso a grupo de informações e ter acesso a informações restritas",D,ALTO,#ff0000,#000000,"Atribuir permissoes de grupo de informação",fp0170,"Atribuir permissoes de grupo de informação",fp0170
"Recursos Humanos",SODRH12,42,"Divulgação indevida de informações pessoais de funcionarios, dependentes e terceiros",D,MEDIO,#FF8C00,#FFFF,"Cadastra e altera dados pessoais de dependentes",fp1760,"Cadastra e altera dados pessoais de dependentes",fp1760
"Recursos Humanos",SODRH12,42,"Divulgação indevida de informações pessoais de funcionarios, dependentes e terceiros",D,MEDIO,#FF8C00,#FFFF,"Cadastra e altera dados pessoais e sensiveis de terceiros",fp1510,"Cadastra e altera dados pessoais e sensiveis de terceiros",fp1510
"Recursos Humanos",SODRH12,42,"Divulgação indevida de informações pessoais de funcionarios, dependentes e terceiros",D,MEDIO,#FF8C00,#FFFF,"Cadastra e altera dados pessoais e sensiveis de Funcionário","fp1440 | fp1500","Cadastra e altera dados pessoais e sensiveis de Funcionário","fp1440 | fp1500"
"Recursos Humanos",SODRH12,42,"Divulgação indevida de informações pessoais de funcionarios, dependentes e terceiros",D,MEDIO,#FF8C00,#FFFF,"Cadastra e altera dados pessais sensiveis de funcionário e beneficiarios",fp1740,"Cadastra e altera dados pessais sensiveis de funcionário e beneficiarios",fp1740
"Recursos Humanos",SODRH12,42,"Divulgação indevida de informações pessoais de funcionarios, dependentes e terceiros",D,MEDIO,#FF8C00,#FFFF,"Consulta dados pessoais e sensiveis de funcionário","fp1440 | fp1442 | fp1500 | fp1520","Consulta dados pessoais e sensiveis de funcionário","fp1440 | fp1442 | fp1500 | fp1520"
"Recursos Humanos",SODRH12,42,"Divulgação indevida de informações pessoais de funcionarios, dependentes e terceiros",D,MEDIO,#FF8C00,#FFFF,"Consulta dados pessoais de dependentes","fp1760 | fp1762","Consulta dados pessoais de dependentes","fp1760 | fp1762"
"Recursos Humanos",SODRH12,42,"Divulgação indevida de informações pessoais de funcionarios, dependentes e terceiros",D,MEDIO,#FF8C00,#FFFF,"Consulta dados pessais sensiveis de funcionário e agregado e beneficiarios","fp1740 | fp1742","Consulta dados pessais sensiveis de funcionário e agregado e beneficiarios","fp1740 | fp1742"
"Recursos Humanos",SODRH12,42,"Divulgação indevida de informações pessoais de funcionarios, dependentes e terceiros",D,ALTO,#ff0000,#000000,"Gera listagem dados cadastrais de funcionário",fp1581,"Gera listagem dados cadastrais de funcionário",fp1581
"Recursos Humanos",SODRH12,42,"Divulgação indevida de informações pessoais de funcionarios, dependentes e terceiros",D,ALTO,#ff0000,#000000,"Gera listagem dados pessoais e sensiveis de terceiros",fp1511,"Gera listagem dados pessoais e sensiveis de terceiros",fp1511
"Recursos Humanos",SODRH12,42,"Divulgação indevida de informações pessoais de funcionarios, dependentes e terceiros",D,ALTO,#ff0000,#000000,"Gera listagem dados pessoais sensiveis de funcionário e beneficiarios",fp1741,"Gera listagem dados pessoais sensiveis de funcionário e beneficiarios",fp1741
TI,TI03,52,"Associar privilégios para outros usuários. (Aprovação, Hierarquia, Limites Pagamento)",D,BAIXO,#3a309c,#f9f9f9,"Associação de privilégios aos usuários","bas_cta_ctbl_restric | bas_plano_cta_unid_organ_segur | bas_unid_control_financ | bas_unid_fechto_cx | bas_usuar_apl | bas_usuar_financ_estab_acr | bas_usuar_financ_estab_apb | bas_utiliz_cenar_ctbl_segur | cd0201 | cd0254 | cd1700 | cd1701 | cd1702 | cd1708 | cd1710 | cd1712 | cd1713 | cd1715 | cd1716 | cd1800 | cd4600 | cq0106 | in9010 | in9020 | re0101","Associação de privilégios aos usuários","bas_cta_ctbl_restric | bas_plano_cta_unid_organ_segur | bas_unid_control_financ | bas_unid_fechto_cx | bas_usuar_apl | bas_usuar_financ_estab_acr | bas_usuar_financ_estab_apb | bas_utiliz_cenar_ctbl_segur | cd0201 | cd0254 | cd1700 | cd1701 | cd1702 | cd1708 | cd1710 | cd1712 | cd1713 | cd1715 | cd1716 | cd1800 | cd4600 | cq0106 | in9010 | in9020 | re0101"
TI,TI02,53,"Uma pessoa que controle o acesso ao perfil/função e os IDs de usuário aumenta o risco de acesso inadequado.",D,ALTO,#ff0000,#000000,"Manutenção Dados Mestre Usuários",sec000aa,"Manutenção de Perfis / Funções",bas_grp_usuar
TI,TI01,54,"Mudanças privilégios de acesso dos usuários.",D,ALTO,#ff0000,#000000,"Manutenção Dados Mestre Usuários",sec000aa,"Manutenção Dados Mestre Usuários",sec000aa
Vendas,SODPD01,16,"O usuário pode criar um cliente e depois enviar pagamentos contra o cliente. O usuário pode criar um cliente e entregar bens para esse cliente, apropriando-se assim de bens. O usuário pode criar um cliente fictício e depois enviar faturas ao cliente. O usuário pode criar um cliente fictício e emitir uma nota de crédito para o cliente.",D,BAIXO,#3a309c,#f9f9f9,"Cadastrar Cliente","bas_cliente_fin | bas_cliente_lib_pedido | bas_cliente_negoc_titulos | bas_cliente_novo | bas_pessoa_fisic | bas_pessoa_jurid_tec | bas_unid_negoc | cd0704 | cd1510 | pd0507","Faturar pedido de venda","eq0503 | eq0504 | eq0505 | eq0506 | eq0508 | ft0502 | ft0518 | ft2200 | ft4001 | ft4002 | ft4003"
Vendas,SODPD01,16,"O usuário pode criar um cliente e depois enviar pagamentos contra o cliente. O usuário pode criar um cliente e entregar bens para esse cliente, apropriando-se assim de bens. O usuário pode criar um cliente fictício e depois enviar faturas ao cliente. O usuário pode criar um cliente fictício e emitir uma nota de crédito para o cliente.",D,BAIXO,#3a309c,#f9f9f9,"Cadastrar Cliente","bas_cliente_fin | bas_cliente_lib_pedido | bas_cliente_negoc_titulos | bas_cliente_novo | bas_pessoa_fisic | bas_pessoa_jurid_tec | bas_unid_negoc | cd0704 | cd1510 | pd0507","Registrar Título / Adiantamento",bas_lote_impl_tit_acr
Vendas,SODPD01,16,"O usuário pode criar um cliente e depois enviar pagamentos contra o cliente. O usuário pode criar um cliente e entregar bens para esse cliente, apropriando-se assim de bens. O usuário pode criar um cliente fictício e depois enviar faturas ao cliente. O usuário pode criar um cliente fictício e emitir uma nota de crédito para o cliente.",D,BAIXO,#3a309c,#f9f9f9,"Cadastrar Cliente","bas_cliente_fin | bas_cliente_lib_pedido | bas_cliente_negoc_titulos | bas_cliente_novo | bas_pessoa_fisic | bas_pessoa_jurid_tec | bas_unid_negoc | cd0704 | cd1510 | pd0507","Solicitar Venda",pd4000
Vendas,SODPD01,16,"O usuário pode criar um cliente e depois enviar pagamentos contra o cliente. O usuário pode criar um cliente e entregar bens para esse cliente, apropriando-se assim de bens. O usuário pode criar um cliente fictício e depois enviar faturas ao cliente. O usuário pode criar um cliente fictício e emitir uma nota de crédito para o cliente.",D,BAIXO,#3a309c,#f9f9f9,"Cadastrar Cliente","bas_cliente_fin | bas_cliente_lib_pedido | bas_cliente_negoc_titulos | bas_cliente_novo | bas_pessoa_fisic | bas_pessoa_jurid_tec | bas_unid_negoc | cd0704 | cd1510 | pd0507","Integração Com o Contas a Receber",ft0603
Vendas,SODPD01,16,"O usuário pode criar um cliente e depois enviar pagamentos contra o cliente. O usuário pode criar um cliente e entregar bens para esse cliente, apropriando-se assim de bens. O usuário pode criar um cliente fictício e depois enviar faturas ao cliente. O usuário pode criar um cliente fictício e emitir uma nota de crédito para o cliente.",D,ALTO,#ff0000,#000000,"Cadastrar Cliente","bas_cliente_fin | bas_cliente_lib_pedido | bas_cliente_negoc_titulos | bas_cliente_novo | bas_pessoa_fisic | bas_pessoa_jurid_tec | bas_unid_negoc | cd0704 | cd1510 | pd0507","Manutenção de Crédito de Clientes","cm0101 | cm0102 | cm0202"
Vendas,SODPD01,16,"O usuário pode criar um cliente e depois enviar pagamentos contra o cliente. O usuário pode criar um cliente e entregar bens para esse cliente, apropriando-se assim de bens. O usuário pode criar um cliente fictício e depois enviar faturas ao cliente. O usuário pode criar um cliente fictício e emitir uma nota de crédito para o cliente.",D,ALTO,#ff0000,#000000,"Cadastrar Cliente","bas_cliente_fin | bas_cliente_lib_pedido | bas_cliente_negoc_titulos | bas_cliente_novo | bas_pessoa_fisic | bas_pessoa_jurid_tec | bas_unid_negoc | cd0704 | cd1510 | pd0507","Permissão de usários Crédito",cd4600
Vendas,SODPD01,16,"O usuário pode criar um cliente e depois enviar pagamentos contra o cliente. O usuário pode criar um cliente e entregar bens para esse cliente, apropriando-se assim de bens. O usuário pode criar um cliente fictício e depois enviar faturas ao cliente. O usuário pode criar um cliente fictício e emitir uma nota de crédito para o cliente.",D,ALTO,#ff0000,#000000,"Cadastrar Cliente","bas_cliente_fin | bas_cliente_lib_pedido | bas_cliente_negoc_titulos | bas_cliente_novo | bas_pessoa_fisic | bas_pessoa_jurid_tec | bas_unid_negoc | cd0704 | cd1510 | pd0507","Aprovar Venda","cd0203 | cm0201 | cm0202"
Vendas,SODPD01,16,"O usuário pode criar um cliente e depois enviar pagamentos contra o cliente. O usuário pode criar um cliente e entregar bens para esse cliente, apropriando-se assim de bens. O usuário pode criar um cliente fictício e depois enviar faturas ao cliente. O usuário pode criar um cliente fictício e emitir uma nota de crédito para o cliente.",D,ALTO,#ff0000,#000000,"Cadastrar Cliente","bas_cliente_fin | bas_cliente_lib_pedido | bas_cliente_negoc_titulos | bas_cliente_novo | bas_pessoa_fisic | bas_pessoa_jurid_tec | bas_unid_negoc | cd0704 | cd1510 | pd0507","Alterar perfis de acesso para o Faturamento",cd0821
Vendas,SODPD01,16,"O usuário pode criar um cliente e depois enviar pagamentos contra o cliente. O usuário pode criar um cliente e entregar bens para esse cliente, apropriando-se assim de bens. O usuário pode criar um cliente fictício e depois enviar faturas ao cliente. O usuário pode criar um cliente fictício e emitir uma nota de crédito para o cliente.",D,ALTO,#ff0000,#000000,"Cadastrar Cliente","bas_cliente_fin | bas_cliente_lib_pedido | bas_cliente_negoc_titulos | bas_cliente_novo | bas_pessoa_fisic | bas_pessoa_jurid_tec | bas_unid_negoc | cd0704 | cd1510 | pd0507","Aprovar alterações de perfil de acesso para o faturamento",cd0821
Vendas,SODPD01,16,"O usuário pode criar um cliente e depois enviar pagamentos contra o cliente. O usuário pode criar um cliente e entregar bens para esse cliente, apropriando-se assim de bens. O usuário pode criar um cliente fictício e depois enviar faturas ao cliente. O usuário pode criar um cliente fictício e emitir uma nota de crédito para o cliente.",D,MEDIO,#FF8C00,#FFFF,"Cadastrar Cliente","bas_cliente_fin | bas_cliente_lib_pedido | bas_cliente_negoc_titulos | bas_cliente_novo | bas_pessoa_fisic | bas_pessoa_jurid_tec | bas_unid_negoc | cd0704 | cd1510 | pd0507","Alteração de Valor Títulos",bas_tit_acr_alteracao
Vendas,SODPD01,16,"O usuário pode criar um cliente e depois enviar pagamentos contra o cliente. O usuário pode criar um cliente e entregar bens para esse cliente, apropriando-se assim de bens. O usuário pode criar um cliente fictício e depois enviar faturas ao cliente. O usuário pode criar um cliente fictício e emitir uma nota de crédito para o cliente.",D,MEDIO,#FF8C00,#FFFF,"Cadastrar Cliente","bas_cliente_fin | bas_cliente_lib_pedido | bas_cliente_negoc_titulos | bas_cliente_novo | bas_pessoa_fisic | bas_pessoa_jurid_tec | bas_unid_negoc | cd0704 | cd1510 | pd0507","Liquidação Títulos Recebimento",bas_lote_liquidac_acr
Vendas,SODPD01,16,"O usuário pode criar um cliente e depois enviar pagamentos contra o cliente. O usuário pode criar um cliente e entregar bens para esse cliente, apropriando-se assim de bens. O usuário pode criar um cliente fictício e depois enviar faturas ao cliente. O usuário pode criar um cliente fictício e emitir uma nota de crédito para o cliente.",D,MEDIO,#FF8C00,#FFFF,"Cadastrar Cliente","bas_cliente_fin | bas_cliente_lib_pedido | bas_cliente_negoc_titulos | bas_cliente_novo | bas_pessoa_fisic | bas_pessoa_jurid_tec | bas_unid_negoc | cd0704 | cd1510 | pd0507","Cancelamento de Títulos",bas_tit_acr_estorno
Vendas,SODPD01,16,"O usuário pode criar um cliente e depois enviar pagamentos contra o cliente. O usuário pode criar um cliente e entregar bens para esse cliente, apropriando-se assim de bens. O usuário pode criar um cliente fictício e depois enviar faturas ao cliente. O usuário pode criar um cliente fictício e emitir uma nota de crédito para o cliente.",D,ALTO,#ff0000,#000000,"Cadastrar Cliente","bas_cliente_fin | bas_cliente_lib_pedido | bas_cliente_negoc_titulos | bas_cliente_novo | bas_pessoa_fisic | bas_pessoa_jurid_tec | bas_unid_negoc | cd0704 | cd1510 | pd0507","Permissão para Inclusão/Alteração/Baixa/Cancelamento",bas_usuar_financ_estab_acr
Vendas,SODPD01,16,"O usuário pode criar um cliente e depois enviar pagamentos contra o cliente. O usuário pode criar um cliente e entregar bens para esse cliente, apropriando-se assim de bens. O usuário pode criar um cliente fictício e depois enviar faturas ao cliente. O usuário pode criar um cliente fictício e emitir uma nota de crédito para o cliente.",D,ALTO,#ff0000,#000000,"Cadastrar Cliente","bas_cliente_fin | bas_cliente_lib_pedido | bas_cliente_negoc_titulos | bas_cliente_novo | bas_pessoa_fisic | bas_pessoa_jurid_tec | bas_unid_negoc | cd0704 | cd1510 | pd0507","Permissão de Usuários Vendas",cd0821
Vendas,SODPD02,17,"O usuário pode alterar o limite de crédito do cliente, gerando assim faturamento com valores superiores ao valor permitido pelo departamento de análise de crédito.",D,ALTO,#ff0000,#000000,"Manutenção de Crédito de Clientes","cm0101 | cm0102 | cm0202","Cadastrar Cliente","bas_cliente_fin | bas_cliente_lib_pedido | bas_cliente_negoc_titulos | bas_cliente_novo | bas_pessoa_fisic | bas_pessoa_jurid_tec | bas_unid_negoc | cd0704 | cd1510 | pd0507"
Vendas,SODPD02,17,"O usuário pode alterar o limite de crédito do cliente, gerando assim faturamento com valores superiores ao valor permitido pelo departamento de análise de crédito.",D,ALTO,#ff0000,#000000,"Manutenção de Crédito de Clientes","cm0101 | cm0102 | cm0202","Permissão de usários Crédito",cd4600
Vendas,SODPD02,17,"O usuário pode alterar o limite de crédito do cliente, gerando assim faturamento com valores superiores ao valor permitido pelo departamento de análise de crédito.",D,MEDIO,#FF8C00,#FFFF,"Manutenção de Crédito de Clientes","cm0101 | cm0102 | cm0202","Solicitar Venda",pd4000
Vendas,SODPD02,17,"O usuário pode alterar o limite de crédito do cliente, gerando assim faturamento com valores superiores ao valor permitido pelo departamento de análise de crédito.",D,ALTO,#ff0000,#000000,"Manutenção de Crédito de Clientes","cm0101 | cm0102 | cm0202","Aprovar Venda","cd0203 | cm0201 | cm0202"
Vendas,SODPD02,17,"O usuário pode alterar o limite de crédito do cliente, gerando assim faturamento com valores superiores ao valor permitido pelo departamento de análise de crédito.",D,ALTO,#ff0000,#000000,"Manutenção de Crédito de Clientes","cm0101 | cm0102 | cm0202","Alterar perfis de acesso para o Faturamento",cd0821
Vendas,SODPD02,17,"O usuário pode alterar o limite de crédito do cliente, gerando assim faturamento com valores superiores ao valor permitido pelo departamento de análise de crédito.",D,ALTO,#ff0000,#000000,"Manutenção de Crédito de Clientes","cm0101 | cm0102 | cm0202","Aprovar alterações de perfil de acesso para o faturamento",cd0821
Vendas,SODPD02,17,"O usuário pode alterar o limite de crédito do cliente, gerando assim faturamento com valores superiores ao valor permitido pelo departamento de análise de crédito.",D,ALTO,#ff0000,#000000,"Manutenção de Crédito de Clientes","cm0101 | cm0102 | cm0202","Faturar pedido de venda","eq0503 | eq0504 | eq0505 | eq0506 | eq0508 | ft0502 | ft0518 | ft2200 | ft4001 | ft4002 | ft4003"
Vendas,SODPD02,17,"O usuário pode alterar o limite de crédito do cliente, gerando assim faturamento com valores superiores ao valor permitido pelo departamento de análise de crédito.",D,MEDIO,#FF8C00,#FFFF,"Manutenção de Crédito de Clientes","cm0101 | cm0102 | cm0202","Integração Com o Contas a Receber",ft0603
Vendas,SODPD02,17,"O usuário pode alterar o limite de crédito do cliente, gerando assim faturamento com valores superiores ao valor permitido pelo departamento de análise de crédito.",D,ALTO,#ff0000,#000000,"Manutenção de Crédito de Clientes","cm0101 | cm0102 | cm0202","Registrar Título / Adiantamento",bas_lote_impl_tit_acr
Vendas,SODPD02,17,"O usuário pode alterar o limite de crédito do cliente, gerando assim faturamento com valores superiores ao valor permitido pelo departamento de análise de crédito.",D,MEDIO,#FF8C00,#FFFF,"Manutenção de Crédito de Clientes","cm0101 | cm0102 | cm0202","Alteração de Valor Títulos",bas_tit_acr_alteracao
Vendas,SODPD02,17,"O usuário pode alterar o limite de crédito do cliente, gerando assim faturamento com valores superiores ao valor permitido pelo departamento de análise de crédito.",D,MEDIO,#FF8C00,#FFFF,"Manutenção de Crédito de Clientes","cm0101 | cm0102 | cm0202","Liquidação Títulos Recebimento",bas_lote_liquidac_acr
Vendas,SODPD02,17,"O usuário pode alterar o limite de crédito do cliente, gerando assim faturamento com valores superiores ao valor permitido pelo departamento de análise de crédito.",D,MEDIO,#FF8C00,#FFFF,"Manutenção de Crédito de Clientes","cm0101 | cm0102 | cm0202","Cancelamento de Títulos",bas_tit_acr_estorno
Vendas,SODPD02,17,"O usuário pode alterar o limite de crédito do cliente, gerando assim faturamento com valores superiores ao valor permitido pelo departamento de análise de crédito.",D,ALTO,#ff0000,#000000,"Manutenção de Crédito de Clientes","cm0101 | cm0102 | cm0202","Permissão para Inclusão/Alteração/Baixa/Cancelamento",bas_usuar_financ_estab_acr
Vendas,SODPD02,17,"O usuário pode alterar o limite de crédito do cliente, gerando assim faturamento com valores superiores ao valor permitido pelo departamento de análise de crédito.",D,ALTO,#ff0000,#000000,"Manutenção de Crédito de Clientes","cm0101 | cm0102 | cm0202","Permissão de Usuários Vendas",cd0821
Vendas,SODPD03,18,"O usuário pode alterar o limite de crédito do cliente, gerando assim faturamento com valores superiores ao valor permitido pelo departamento de análise de crédito.",D,ALTO,#ff0000,#000000,"Permissão de usários Crédito",cd4600,"Cadastrar Cliente","bas_cliente_fin | bas_cliente_lib_pedido | bas_cliente_negoc_titulos | bas_cliente_novo | bas_pessoa_fisic | bas_pessoa_jurid_tec | bas_unid_negoc | cd0704 | cd1510 | pd0507"
Vendas,SODPD03,18,"O usuário pode alterar o limite de crédito do cliente, gerando assim faturamento com valores superiores ao valor permitido pelo departamento de análise de crédito.",D,ALTO,#ff0000,#000000,"Permissão de usários Crédito",cd4600,"Manutenção de Crédito de Clientes","cm0101 | cm0102 | cm0202"
Vendas,SODPD03,18,"O usuário pode alterar o limite de crédito do cliente, gerando assim faturamento com valores superiores ao valor permitido pelo departamento de análise de crédito.",D,MEDIO,#FF8C00,#FFFF,"Permissão de usários Crédito",cd4600,"Solicitar Venda",pd4000
Vendas,SODPD03,18,"O usuário pode alterar o limite de crédito do cliente, gerando assim faturamento com valores superiores ao valor permitido pelo departamento de análise de crédito.",D,ALTO,#ff0000,#000000,"Permissão de usários Crédito",cd4600,"Aprovar Venda","cd0203 | cm0201 | cm0202"
Vendas,SODPD03,18,"O usuário pode alterar o limite de crédito do cliente, gerando assim faturamento com valores superiores ao valor permitido pelo departamento de análise de crédito.",D,ALTO,#ff0000,#000000,"Permissão de usários Crédito",cd4600,"Alterar perfis de acesso para o Faturamento",cd0821
Vendas,SODPD03,18,"O usuário pode alterar o limite de crédito do cliente, gerando assim faturamento com valores superiores ao valor permitido pelo departamento de análise de crédito.",D,ALTO,#ff0000,#000000,"Permissão de usários Crédito",cd4600,"Aprovar alterações de perfil de acesso para o faturamento",cd0821
Vendas,SODPD03,18,"O usuário pode alterar o limite de crédito do cliente, gerando assim faturamento com valores superiores ao valor permitido pelo departamento de análise de crédito.",D,ALTO,#ff0000,#000000,"Permissão de usários Crédito",cd4600,"Faturar pedido de venda","eq0503 | eq0504 | eq0505 | eq0506 | eq0508 | ft0502 | ft0518 | ft2200 | ft4001 | ft4002 | ft4003"
Vendas,SODPD03,18,"O usuário pode alterar o limite de crédito do cliente, gerando assim faturamento com valores superiores ao valor permitido pelo departamento de análise de crédito.",D,MEDIO,#FF8C00,#FFFF,"Permissão de usários Crédito",cd4600,"Integração Com o Contas a Receber",ft0603
Vendas,SODPD03,18,"O usuário pode alterar o limite de crédito do cliente, gerando assim faturamento com valores superiores ao valor permitido pelo departamento de análise de crédito.",D,ALTO,#ff0000,#000000,"Permissão de usários Crédito",cd4600,"Registrar Título / Adiantamento",bas_lote_impl_tit_acr
Vendas,SODPD03,18,"O usuário pode alterar o limite de crédito do cliente, gerando assim faturamento com valores superiores ao valor permitido pelo departamento de análise de crédito.",D,MEDIO,#FF8C00,#FFFF,"Permissão de usários Crédito",cd4600,"Alteração de Valor Títulos",bas_tit_acr_alteracao
Vendas,SODPD03,18,"O usuário pode alterar o limite de crédito do cliente, gerando assim faturamento com valores superiores ao valor permitido pelo departamento de análise de crédito.",D,MEDIO,#FF8C00,#FFFF,"Permissão de usários Crédito",cd4600,"Liquidação Títulos Recebimento",bas_lote_liquidac_acr
Vendas,SODPD03,18,"O usuário pode alterar o limite de crédito do cliente, gerando assim faturamento com valores superiores ao valor permitido pelo departamento de análise de crédito.",D,MEDIO,#FF8C00,#FFFF,"Permissão de usários Crédito",cd4600,"Cancelamento de Títulos",bas_tit_acr_estorno
Vendas,SODPD03,18,"O usuário pode alterar o limite de crédito do cliente, gerando assim faturamento com valores superiores ao valor permitido pelo departamento de análise de crédito.",D,ALTO,#ff0000,#000000,"Permissão de usários Crédito",cd4600,"Permissão para Inclusão/Alteração/Baixa/Cancelamento",bas_usuar_financ_estab_acr
Vendas,SODPD03,18,"O usuário pode alterar o limite de crédito do cliente, gerando assim faturamento com valores superiores ao valor permitido pelo departamento de análise de crédito.",D,ALTO,#ff0000,#000000,"Permissão de usários Crédito",cd4600,"Permissão de Usuários Vendas",cd0821
Vendas,SODPD04,19,"O usuário pode criar, alterar, excluir, registros assim gerando movimentação financeira inexistente",D,MEDIO,#FF8C00,#FFFF,"Permissão de Usuários Vendas",cd0821,"Manutenção de Crédito de Clientes","cm0101 | cm0102 | cm0202"
Vendas,SODPD04,19,"O usuário pode criar, alterar, excluir, registros assim gerando movimentação financeira inexistente",D,MEDIO,#FF8C00,#FFFF,"Permissão de Usuários Vendas",cd0821,"Permissão de usários Crédito",cd4600
Vendas,SODPD04,19,"O usuário pode criar, alterar, excluir, registros assim gerando movimentação financeira inexistente",D,MEDIO,#FF8C00,#FFFF,"Permissão de Usuários Vendas",cd0821,"Aprovar Venda","cd0203 | cm0201 | cm0202"
Vendas,SODPD04,19,"O usuário pode criar, alterar, excluir, registros assim gerando movimentação financeira inexistente",D,MEDIO,#FF8C00,#FFFF,"Permissão de Usuários Vendas",cd0821,"Registrar Título / Adiantamento",bas_lote_impl_tit_acr
Vendas,SODPD04,19,"O usuário pode criar, alterar, excluir, registros assim gerando movimentação financeira inexistente",D,MEDIO,#FF8C00,#FFFF,"Permissão de Usuários Vendas",cd0821,"Alteração de Valor Títulos",bas_tit_acr_alteracao
Vendas,SODPD04,19,"O usuário pode criar, alterar, excluir, registros assim gerando movimentação financeira inexistente",D,MEDIO,#FF8C00,#FFFF,"Permissão de Usuários Vendas",cd0821,"Liquidação Títulos Recebimento",bas_lote_liquidac_acr
Vendas,SODPD04,19,"O usuário pode criar, alterar, excluir, registros assim gerando movimentação financeira inexistente",D,MEDIO,#FF8C00,#FFFF,"Permissão de Usuários Vendas",cd0821,"Cancelamento de Títulos",bas_tit_acr_estorno
Vendas,SODPD04,19,"O usuário pode criar, alterar, excluir, registros assim gerando movimentação financeira inexistente",D,MEDIO,#FF8C00,#FFFF,"Permissão de Usuários Vendas",cd0821,"Permissão para Inclusão/Alteração/Baixa/Cancelamento",bas_usuar_financ_estab_acr
Vendas,SODPD04,19,"O usuário pode criar, alterar, excluir, registros assim gerando movimentação financeira inexistente",D,BAIXO,#3a309c,#f9f9f9,"Permissão de Usuários Vendas",cd0821,"Cadastrar Cliente","bas_cliente_fin | bas_cliente_lib_pedido | bas_cliente_negoc_titulos | bas_cliente_novo | bas_pessoa_fisic | bas_pessoa_jurid_tec | bas_unid_negoc | cd0704 | cd1510 | pd0507"
Vendas,SODPD04,19,"O usuário pode criar, alterar, excluir, registros assim gerando movimentação financeira inexistente",D,BAIXO,#3a309c,#f9f9f9,"Permissão de Usuários Vendas",cd0821,"Solicitar Venda",pd4000
Vendas,SODPD04,19,"O usuário pode criar, alterar, excluir, registros assim gerando movimentação financeira inexistente",D,BAIXO,#3a309c,#f9f9f9,"Permissão de Usuários Vendas",cd0821,"Alterar perfis de acesso para o Faturamento",cd0821
Vendas,SODPD04,19,"O usuário pode criar, alterar, excluir, registros assim gerando movimentação financeira inexistente",D,BAIXO,#3a309c,#f9f9f9,"Permissão de Usuários Vendas",cd0821,"Aprovar alterações de perfil de acesso para o faturamento",cd0821
Vendas,SODPD04,19,"O usuário pode criar, alterar, excluir, registros assim gerando movimentação financeira inexistente",D,BAIXO,#3a309c,#f9f9f9,"Permissão de Usuários Vendas",cd0821,"Faturar pedido de venda","eq0503 | eq0504 | eq0505 | eq0506 | eq0508 | ft0502 | ft0518 | ft2200 | ft4001 | ft4002 | ft4003"
Vendas,SODPD04,19,"O usuário pode criar, alterar, excluir, registros assim gerando movimentação financeira inexistente",D,BAIXO,#3a309c,#f9f9f9,"Permissão de Usuários Vendas",cd0821,"Integração Com o Contas a Receber",ft0603
Vendas,SODPD05,20,"O Usuário podera incluir venda ficticia, manutenção de preços, condições de pagamentos, inclusão e manutenção de itens a serem faturados.",D,BAIXO,#3a309c,#f9f9f9,"Solicitar Venda",pd4000,"Cadastrar Cliente","bas_cliente_fin | bas_cliente_lib_pedido | bas_cliente_negoc_titulos | bas_cliente_novo | bas_pessoa_fisic | bas_pessoa_jurid_tec | bas_unid_negoc | cd0704 | cd1510 | pd0507"
Vendas,SODPD05,20,"O Usuário podera incluir venda ficticia, manutenção de preços, condições de pagamentos, inclusão e manutenção de itens a serem faturados.",D,BAIXO,#3a309c,#f9f9f9,"Solicitar Venda",pd4000,"Faturar pedido de venda","eq0503 | eq0504 | eq0505 | eq0506 | eq0508 | ft0502 | ft0518 | ft2200 | ft4001 | ft4002 | ft4003"
Vendas,SODPD05,20,"O Usuário podera incluir venda ficticia, manutenção de preços, condições de pagamentos, inclusão e manutenção de itens a serem faturados.",D,BAIXO,#3a309c,#f9f9f9,"Solicitar Venda",pd4000,"Registrar Título / Adiantamento",bas_lote_impl_tit_acr
Vendas,SODPD05,20,"O Usuário podera incluir venda ficticia, manutenção de preços, condições de pagamentos, inclusão e manutenção de itens a serem faturados.",D,ALTO,#ff0000,#000000,"Solicitar Venda",pd4000,"Manutenção de Crédito de Clientes","cm0101 | cm0102 | cm0202"
Vendas,SODPD05,20,"O Usuário podera incluir venda ficticia, manutenção de preços, condições de pagamentos, inclusão e manutenção de itens a serem faturados.",D,ALTO,#ff0000,#000000,"Solicitar Venda",pd4000,"Permissão de usários Crédito",cd4600
Vendas,SODPD05,20,"O Usuário podera incluir venda ficticia, manutenção de preços, condições de pagamentos, inclusão e manutenção de itens a serem faturados.",D,ALTO,#ff0000,#000000,"Solicitar Venda",pd4000,"Aprovar Venda","cd0203 | cm0201 | cm0202"
Vendas,SODPD05,20,"O Usuário podera incluir venda ficticia, manutenção de preços, condições de pagamentos, inclusão e manutenção de itens a serem faturados.",D,ALTO,#ff0000,#000000,"Solicitar Venda",pd4000,"Alterar perfis de acesso para o Faturamento",cd0821
Vendas,SODPD05,20,"O Usuário podera incluir venda ficticia, manutenção de preços, condições de pagamentos, inclusão e manutenção de itens a serem faturados.",D,ALTO,#ff0000,#000000,"Solicitar Venda",pd4000,"Aprovar alterações de perfil de acesso para o faturamento",cd0821
Vendas,SODPD05,20,"O Usuário podera incluir venda ficticia, manutenção de preços, condições de pagamentos, inclusão e manutenção de itens a serem faturados.",D,MEDIO,#FF8C00,#FFFF,"Solicitar Venda",pd4000,"Integração Com o Contas a Receber",ft0603
Vendas,SODPD05,20,"O Usuário podera incluir venda ficticia, manutenção de preços, condições de pagamentos, inclusão e manutenção de itens a serem faturados.",D,MEDIO,#FF8C00,#FFFF,"Solicitar Venda",pd4000,"Alteração de Valor Títulos",bas_tit_acr_alteracao
Vendas,SODPD05,20,"O Usuário podera incluir venda ficticia, manutenção de preços, condições de pagamentos, inclusão e manutenção de itens a serem faturados.",D,MEDIO,#FF8C00,#FFFF,"Solicitar Venda",pd4000,"Liquidação Títulos Recebimento",bas_lote_liquidac_acr
Vendas,SODPD05,20,"O Usuário podera incluir venda ficticia, manutenção de preços, condições de pagamentos, inclusão e manutenção de itens a serem faturados.",D,MEDIO,#FF8C00,#FFFF,"Solicitar Venda",pd4000,"Cancelamento de Títulos",bas_tit_acr_estorno
Vendas,SODPD05,20,"O Usuário podera incluir venda ficticia, manutenção de preços, condições de pagamentos, inclusão e manutenção de itens a serem faturados.",D,ALTO,#ff0000,#000000,"Solicitar Venda",pd4000,"Permissão para Inclusão/Alteração/Baixa/Cancelamento",bas_usuar_financ_estab_acr
Vendas,SODPD05,20,"O Usuário podera incluir venda ficticia, manutenção de preços, condições de pagamentos, inclusão e manutenção de itens a serem faturados.",D,MEDIO,#FF8C00,#FFFF,"Solicitar Venda",pd4000,"Permissão de Usuários Vendas",cd0821
Vendas,SODPD06,21,"O Usuário poderá liberar vendas ficticias",D,ALTO,#ff0000,#000000,"Aprovar Venda","cd0203 | cm0201 | cm0202","Cadastrar Cliente","bas_cliente_fin | bas_cliente_lib_pedido | bas_cliente_negoc_titulos | bas_cliente_novo | bas_pessoa_fisic | bas_pessoa_jurid_tec | bas_unid_negoc | cd0704 | cd1510 | pd0507"
Vendas,SODPD06,21,"O Usuário poderá liberar vendas ficticias",D,ALTO,#ff0000,#000000,"Aprovar Venda","cd0203 | cm0201 | cm0202","Manutenção de Crédito de Clientes","cm0101 | cm0102 | cm0202"
Vendas,SODPD06,21,"O Usuário poderá liberar vendas ficticias",D,ALTO,#ff0000,#000000,"Aprovar Venda","cd0203 | cm0201 | cm0202","Permissão de usários Crédito",cd4600
Vendas,SODPD06,21,"O Usuário poderá liberar vendas ficticias",D,ALTO,#ff0000,#000000,"Aprovar Venda","cd0203 | cm0201 | cm0202","Solicitar Venda",pd4000
Vendas,SODPD06,21,"O Usuário poderá liberar vendas ficticias",D,ALTO,#ff0000,#000000,"Aprovar Venda","cd0203 | cm0201 | cm0202","Alterar perfis de acesso para o Faturamento",cd0821
Vendas,SODPD06,21,"O Usuário poderá liberar vendas ficticias",D,ALTO,#ff0000,#000000,"Aprovar Venda","cd0203 | cm0201 | cm0202","Aprovar alterações de perfil de acesso para o faturamento",cd0821
Vendas,SODPD06,21,"O Usuário poderá liberar vendas ficticias",D,ALTO,#ff0000,#000000,"Aprovar Venda","cd0203 | cm0201 | cm0202","Faturar pedido de venda","eq0503 | eq0504 | eq0505 | eq0506 | eq0508 | ft0502 | ft0518 | ft2200 | ft4001 | ft4002 | ft4003"
Vendas,SODPD06,21,"O Usuário poderá liberar vendas ficticias",D,MEDIO,#FF8C00,#FFFF,"Aprovar Venda","cd0203 | cm0201 | cm0202","Integração Com o Contas a Receber",ft0603
Vendas,SODPD06,21,"O Usuário poderá liberar vendas ficticias",D,ALTO,#ff0000,#000000,"Aprovar Venda","cd0203 | cm0201 | cm0202","Registrar Título / Adiantamento",bas_lote_impl_tit_acr
Vendas,SODPD06,21,"O Usuário poderá liberar vendas ficticias",D,MEDIO,#FF8C00,#FFFF,"Aprovar Venda","cd0203 | cm0201 | cm0202","Alteração de Valor Títulos",bas_tit_acr_alteracao
Vendas,SODPD06,21,"O Usuário poderá liberar vendas ficticias",D,MEDIO,#FF8C00,#FFFF,"Aprovar Venda","cd0203 | cm0201 | cm0202","Liquidação Títulos Recebimento",bas_lote_liquidac_acr
Vendas,SODPD06,21,"O Usuário poderá liberar vendas ficticias",D,MEDIO,#FF8C00,#FFFF,"Aprovar Venda","cd0203 | cm0201 | cm0202","Cancelamento de Títulos",bas_tit_acr_estorno
Vendas,SODPD06,21,"O Usuário poderá liberar vendas ficticias",D,ALTO,#ff0000,#000000,"Aprovar Venda","cd0203 | cm0201 | cm0202","Permissão para Inclusão/Alteração/Baixa/Cancelamento",bas_usuar_financ_estab_acr
Vendas,SODPD06,21,"O Usuário poderá liberar vendas ficticias",D,MEDIO,#FF8C00,#FFFF,"Aprovar Venda","cd0203 | cm0201 | cm0202","Permissão de Usuários Vendas",cd0821
Vendas,SODFT01,22,"O usuário pode criar, alterar, excluir, registros assim gerando movimentação financeira inexistente",D,ALTO,#ff0000,#000000,"Alterar perfis de acesso para o Faturamento",cd0821,"Manutenção de Crédito de Clientes","cm0101 | cm0102 | cm0202"
Vendas,SODFT01,22,"O usuário pode criar, alterar, excluir, registros assim gerando movimentação financeira inexistente",D,ALTO,#ff0000,#000000,"Alterar perfis de acesso para o Faturamento",cd0821,"Permissão de usários Crédito",cd4600
Vendas,SODFT01,22,"O usuário pode criar, alterar, excluir, registros assim gerando movimentação financeira inexistente",D,ALTO,#ff0000,#000000,"Alterar perfis de acesso para o Faturamento",cd0821,"Aprovar Venda","cd0203 | cm0201 | cm0202"
Vendas,SODFT01,22,"O usuário pode criar, alterar, excluir, registros assim gerando movimentação financeira inexistente",D,MEDIO,#FF8C00,#FFFF,"Alterar perfis de acesso para o Faturamento",cd0821,"Alteração de Valor Títulos",bas_tit_acr_alteracao
Vendas,SODFT01,22,"O usuário pode criar, alterar, excluir, registros assim gerando movimentação financeira inexistente",D,MEDIO,#FF8C00,#FFFF,"Alterar perfis de acesso para o Faturamento",cd0821,"Liquidação Títulos Recebimento",bas_lote_liquidac_acr
Vendas,SODFT01,22,"O usuário pode criar, alterar, excluir, registros assim gerando movimentação financeira inexistente",D,MEDIO,#FF8C00,#FFFF,"Alterar perfis de acesso para o Faturamento",cd0821,"Cancelamento de Títulos",bas_tit_acr_estorno
Vendas,SODFT01,22,"O usuário pode criar, alterar, excluir, registros assim gerando movimentação financeira inexistente",D,ALTO,#ff0000,#000000,"Alterar perfis de acesso para o Faturamento",cd0821,"Permissão para Inclusão/Alteração/Baixa/Cancelamento",bas_usuar_financ_estab_acr
Vendas,SODFT01,22,"O usuário pode criar, alterar, excluir, registros assim gerando movimentação financeira inexistente",D,BAIXO,#3a309c,#f9f9f9,"Alterar perfis de acesso para o Faturamento",cd0821,"Cadastrar Cliente","bas_cliente_fin | bas_cliente_lib_pedido | bas_cliente_negoc_titulos | bas_cliente_novo | bas_pessoa_fisic | bas_pessoa_jurid_tec | bas_unid_negoc | cd0704 | cd1510 | pd0507"
Vendas,SODFT01,22,"O usuário pode criar, alterar, excluir, registros assim gerando movimentação financeira inexistente",D,BAIXO,#3a309c,#f9f9f9,"Alterar perfis de acesso para o Faturamento",cd0821,"Solicitar Venda",pd4000
Vendas,SODFT01,22,"O usuário pode criar, alterar, excluir, registros assim gerando movimentação financeira inexistente",D,BAIXO,#3a309c,#f9f9f9,"Alterar perfis de acesso para o Faturamento",cd0821,"Aprovar alterações de perfil de acesso para o faturamento",cd0821
Vendas,SODFT01,22,"O usuário pode criar, alterar, excluir, registros assim gerando movimentação financeira inexistente",D,BAIXO,#3a309c,#f9f9f9,"Alterar perfis de acesso para o Faturamento",cd0821,"Faturar pedido de venda","eq0503 | eq0504 | eq0505 | eq0506 | eq0508 | ft0502 | ft0518 | ft2200 | ft4001 | ft4002 | ft4003"
Vendas,SODFT01,22,"O usuário pode criar, alterar, excluir, registros assim gerando movimentação financeira inexistente",D,BAIXO,#3a309c,#f9f9f9,"Alterar perfis de acesso para o Faturamento",cd0821,"Registrar Título / Adiantamento",bas_lote_impl_tit_acr
Vendas,SODFT01,22,"O usuário pode criar, alterar, excluir, registros assim gerando movimentação financeira inexistente",D,BAIXO,#3a309c,#f9f9f9,"Alterar perfis de acesso para o Faturamento",cd0821,"Integração Com o Contas a Receber",ft0603
Vendas,SODFT01,22,"O usuário pode criar, alterar, excluir, registros assim gerando movimentação financeira inexistente",D,BAIXO,#3a309c,#f9f9f9,"Alterar perfis de acesso para o Faturamento",cd0821,"Permissão de Usuários Vendas",cd0821
Vendas,SODFT02,23,"O usuário pode criar, alterar, excluir, registros assim gerando movimentação financeira inexistente",D,BAIXO,#3a309c,#f9f9f9,"Aprovar alterações de perfil de acesso para o faturamento",cd0821,"Cadastrar Cliente","bas_cliente_fin | bas_cliente_lib_pedido | bas_cliente_negoc_titulos | bas_cliente_novo | bas_pessoa_fisic | bas_pessoa_jurid_tec | bas_unid_negoc | cd0704 | cd1510 | pd0507"
Vendas,SODFT02,23,"O usuário pode criar, alterar, excluir, registros assim gerando movimentação financeira inexistente",D,BAIXO,#3a309c,#f9f9f9,"Aprovar alterações de perfil de acesso para o faturamento",cd0821,"Solicitar Venda",pd4000
Vendas,SODFT02,23,"O usuário pode criar, alterar, excluir, registros assim gerando movimentação financeira inexistente",D,BAIXO,#3a309c,#f9f9f9,"Aprovar alterações de perfil de acesso para o faturamento",cd0821,"Alterar perfis de acesso para o Faturamento",cd0821
Vendas,SODFT02,23,"O usuário pode criar, alterar, excluir, registros assim gerando movimentação financeira inexistente",D,BAIXO,#3a309c,#f9f9f9,"Aprovar alterações de perfil de acesso para o faturamento",cd0821,"Faturar pedido de venda","eq0503 | eq0504 | eq0505 | eq0506 | eq0508 | ft0502 | ft0518 | ft2200 | ft4001 | ft4002 | ft4003"
Vendas,SODFT02,23,"O usuário pode criar, alterar, excluir, registros assim gerando movimentação financeira inexistente",D,BAIXO,#3a309c,#f9f9f9,"Aprovar alterações de perfil de acesso para o faturamento",cd0821,"Integração Com o Contas a Receber",ft0603
Vendas,SODFT02,23,"O usuário pode criar, alterar, excluir, registros assim gerando movimentação financeira inexistente",D,BAIXO,#3a309c,#f9f9f9,"Aprovar alterações de perfil de acesso para o faturamento",cd0821,"Permissão de Usuários Vendas",cd0821
Vendas,SODFT02,23,"O usuário pode criar, alterar, excluir, registros assim gerando movimentação financeira inexistente",D,BAIXO,#3a309c,#f9f9f9,"Aprovar alterações de perfil de acesso para o faturamento",cd0821,"Registrar Título / Adiantamento",bas_lote_impl_tit_acr
Vendas,SODFT02,23,"O usuário pode criar, alterar, excluir, registros assim gerando movimentação financeira inexistente",D,ALTO,#ff0000,#000000,"Aprovar alterações de perfil de acesso para o faturamento",cd0821,"Manutenção de Crédito de Clientes","cm0101 | cm0102 | cm0202"
Vendas,SODFT02,23,"O usuário pode criar, alterar, excluir, registros assim gerando movimentação financeira inexistente",D,ALTO,#ff0000,#000000,"Aprovar alterações de perfil de acesso para o faturamento",cd0821,"Permissão de usários Crédito",cd4600
Vendas,SODFT02,23,"O usuário pode criar, alterar, excluir, registros assim gerando movimentação financeira inexistente",D,ALTO,#ff0000,#000000,"Aprovar alterações de perfil de acesso para o faturamento",cd0821,"Aprovar Venda","cd0203 | cm0201 | cm0202"
Vendas,SODFT02,23,"O usuário pode criar, alterar, excluir, registros assim gerando movimentação financeira inexistente",D,MEDIO,#FF8C00,#FFFF,"Aprovar alterações de perfil de acesso para o faturamento",cd0821,"Alteração de Valor Títulos",bas_tit_acr_alteracao
Vendas,SODFT02,23,"O usuário pode criar, alterar, excluir, registros assim gerando movimentação financeira inexistente",D,MEDIO,#FF8C00,#FFFF,"Aprovar alterações de perfil de acesso para o faturamento",cd0821,"Liquidação Títulos Recebimento",bas_lote_liquidac_acr
Vendas,SODFT02,23,"O usuário pode criar, alterar, excluir, registros assim gerando movimentação financeira inexistente",D,MEDIO,#FF8C00,#FFFF,"Aprovar alterações de perfil de acesso para o faturamento",cd0821,"Cancelamento de Títulos",bas_tit_acr_estorno
Vendas,SODFT02,23,"O usuário pode criar, alterar, excluir, registros assim gerando movimentação financeira inexistente",D,ALTO,#ff0000,#000000,"Aprovar alterações de perfil de acesso para o faturamento",cd0821,"Permissão para Inclusão/Alteração/Baixa/Cancelamento",bas_usuar_financ_estab_acr
Vendas,SODFT03,24,"O usuário pode criar um contrato fictício para um cliente e processar entregas de saída contra o contrato, O usuário pode criar um contrato fictício para um cliente e processar entregas de saída contra o contrato. O usuário pode criar entrega fictícia / incorreta e inserir pagamentos contra estes, potencialmente apropriando-se indevidamente de bens. Os usuários com autorização para manter desconto de vendas, bem como processar ordens de venda, têm a capacidade de criar pedidos de vendas para clientes com descontos de vendas não aprovados. O usuário pode criar / alterar uma ordem de venda e processar os pagamentos recebidos de forma incorreta / fraudulenta, o que pode resultar em perdas para a empresa. Os usuários com autorização para processar pedidos de vendas, bem como a autorização para processar a lista de reconhecimento de receita, têm a capacidade de criar / alterar ordens de vendas e editar o valor / cronograma do reconhecimento de receita relacionado.",D,ALTO,#ff0000,#000000,"Faturar pedido de venda","eq0503 | eq0504 | eq0505 | eq0506 | eq0508 | ft0502 | ft0518 | ft2200 | ft4001 | ft4002 | ft4003","Manutenção de Crédito de Clientes","cm0101 | cm0102 | cm0202"
Vendas,SODFT03,24,"O usuário pode criar um contrato fictício para um cliente e processar entregas de saída contra o contrato, O usuário pode criar um contrato fictício para um cliente e processar entregas de saída contra o contrato. O usuário pode criar entrega fictícia / incorreta e inserir pagamentos contra estes, potencialmente apropriando-se indevidamente de bens. Os usuários com autorização para manter desconto de vendas, bem como processar ordens de venda, têm a capacidade de criar pedidos de vendas para clientes com descontos de vendas não aprovados. O usuário pode criar / alterar uma ordem de venda e processar os pagamentos recebidos de forma incorreta / fraudulenta, o que pode resultar em perdas para a empresa. Os usuários com autorização para processar pedidos de vendas, bem como a autorização para processar a lista de reconhecimento de receita, têm a capacidade de criar / alterar ordens de vendas e editar o valor / cronograma do reconhecimento de receita relacionado.",D,ALTO,#ff0000,#000000,"Faturar pedido de venda","eq0503 | eq0504 | eq0505 | eq0506 | eq0508 | ft0502 | ft0518 | ft2200 | ft4001 | ft4002 | ft4003","Permissão de usários Crédito",cd4600
Vendas,SODFT03,24,"O usuário pode criar um contrato fictício para um cliente e processar entregas de saída contra o contrato, O usuário pode criar um contrato fictício para um cliente e processar entregas de saída contra o contrato. O usuário pode criar entrega fictícia / incorreta e inserir pagamentos contra estes, potencialmente apropriando-se indevidamente de bens. Os usuários com autorização para manter desconto de vendas, bem como processar ordens de venda, têm a capacidade de criar pedidos de vendas para clientes com descontos de vendas não aprovados. O usuário pode criar / alterar uma ordem de venda e processar os pagamentos recebidos de forma incorreta / fraudulenta, o que pode resultar em perdas para a empresa. Os usuários com autorização para processar pedidos de vendas, bem como a autorização para processar a lista de reconhecimento de receita, têm a capacidade de criar / alterar ordens de vendas e editar o valor / cronograma do reconhecimento de receita relacionado.",D,ALTO,#ff0000,#000000,"Faturar pedido de venda","eq0503 | eq0504 | eq0505 | eq0506 | eq0508 | ft0502 | ft0518 | ft2200 | ft4001 | ft4002 | ft4003","Solicitar Venda",pd4000
Vendas,SODFT03,24,"O usuário pode criar um contrato fictício para um cliente e processar entregas de saída contra o contrato, O usuário pode criar um contrato fictício para um cliente e processar entregas de saída contra o contrato. O usuário pode criar entrega fictícia / incorreta e inserir pagamentos contra estes, potencialmente apropriando-se indevidamente de bens. Os usuários com autorização para manter desconto de vendas, bem como processar ordens de venda, têm a capacidade de criar pedidos de vendas para clientes com descontos de vendas não aprovados. O usuário pode criar / alterar uma ordem de venda e processar os pagamentos recebidos de forma incorreta / fraudulenta, o que pode resultar em perdas para a empresa. Os usuários com autorização para processar pedidos de vendas, bem como a autorização para processar a lista de reconhecimento de receita, têm a capacidade de criar / alterar ordens de vendas e editar o valor / cronograma do reconhecimento de receita relacionado.",D,ALTO,#ff0000,#000000,"Faturar pedido de venda","eq0503 | eq0504 | eq0505 | eq0506 | eq0508 | ft0502 | ft0518 | ft2200 | ft4001 | ft4002 | ft4003","Aprovar Venda","cd0203 | cm0201 | cm0202"
Vendas,SODFT03,24,"O usuário pode criar um contrato fictício para um cliente e processar entregas de saída contra o contrato, O usuário pode criar um contrato fictício para um cliente e processar entregas de saída contra o contrato. O usuário pode criar entrega fictícia / incorreta e inserir pagamentos contra estes, potencialmente apropriando-se indevidamente de bens. Os usuários com autorização para manter desconto de vendas, bem como processar ordens de venda, têm a capacidade de criar pedidos de vendas para clientes com descontos de vendas não aprovados. O usuário pode criar / alterar uma ordem de venda e processar os pagamentos recebidos de forma incorreta / fraudulenta, o que pode resultar em perdas para a empresa. Os usuários com autorização para processar pedidos de vendas, bem como a autorização para processar a lista de reconhecimento de receita, têm a capacidade de criar / alterar ordens de vendas e editar o valor / cronograma do reconhecimento de receita relacionado.",D,MEDIO,#FF8C00,#FFFF,"Faturar pedido de venda","eq0503 | eq0504 | eq0505 | eq0506 | eq0508 | ft0502 | ft0518 | ft2200 | ft4001 | ft4002 | ft4003","Alteração de Valor Títulos",bas_tit_acr_alteracao
Vendas,SODFT03,24,"O usuário pode criar um contrato fictício para um cliente e processar entregas de saída contra o contrato, O usuário pode criar um contrato fictício para um cliente e processar entregas de saída contra o contrato. O usuário pode criar entrega fictícia / incorreta e inserir pagamentos contra estes, potencialmente apropriando-se indevidamente de bens. Os usuários com autorização para manter desconto de vendas, bem como processar ordens de venda, têm a capacidade de criar pedidos de vendas para clientes com descontos de vendas não aprovados. O usuário pode criar / alterar uma ordem de venda e processar os pagamentos recebidos de forma incorreta / fraudulenta, o que pode resultar em perdas para a empresa. Os usuários com autorização para processar pedidos de vendas, bem como a autorização para processar a lista de reconhecimento de receita, têm a capacidade de criar / alterar ordens de vendas e editar o valor / cronograma do reconhecimento de receita relacionado.",D,MEDIO,#FF8C00,#FFFF,"Faturar pedido de venda","eq0503 | eq0504 | eq0505 | eq0506 | eq0508 | ft0502 | ft0518 | ft2200 | ft4001 | ft4002 | ft4003","Liquidação Títulos Recebimento",bas_lote_liquidac_acr
Vendas,SODFT03,24,"O usuário pode criar um contrato fictício para um cliente e processar entregas de saída contra o contrato, O usuário pode criar um contrato fictício para um cliente e processar entregas de saída contra o contrato. O usuário pode criar entrega fictícia / incorreta e inserir pagamentos contra estes, potencialmente apropriando-se indevidamente de bens. Os usuários com autorização para manter desconto de vendas, bem como processar ordens de venda, têm a capacidade de criar pedidos de vendas para clientes com descontos de vendas não aprovados. O usuário pode criar / alterar uma ordem de venda e processar os pagamentos recebidos de forma incorreta / fraudulenta, o que pode resultar em perdas para a empresa. Os usuários com autorização para processar pedidos de vendas, bem como a autorização para processar a lista de reconhecimento de receita, têm a capacidade de criar / alterar ordens de vendas e editar o valor / cronograma do reconhecimento de receita relacionado.",D,MEDIO,#FF8C00,#FFFF,"Faturar pedido de venda","eq0503 | eq0504 | eq0505 | eq0506 | eq0508 | ft0502 | ft0518 | ft2200 | ft4001 | ft4002 | ft4003","Cancelamento de Títulos",bas_tit_acr_estorno
Vendas,SODFT03,24,"O usuário pode criar um contrato fictício para um cliente e processar entregas de saída contra o contrato, O usuário pode criar um contrato fictício para um cliente e processar entregas de saída contra o contrato. O usuário pode criar entrega fictícia / incorreta e inserir pagamentos contra estes, potencialmente apropriando-se indevidamente de bens. Os usuários com autorização para manter desconto de vendas, bem como processar ordens de venda, têm a capacidade de criar pedidos de vendas para clientes com descontos de vendas não aprovados. O usuário pode criar / alterar uma ordem de venda e processar os pagamentos recebidos de forma incorreta / fraudulenta, o que pode resultar em perdas para a empresa. Os usuários com autorização para processar pedidos de vendas, bem como a autorização para processar a lista de reconhecimento de receita, têm a capacidade de criar / alterar ordens de vendas e editar o valor / cronograma do reconhecimento de receita relacionado.",D,ALTO,#ff0000,#000000,"Faturar pedido de venda","eq0503 | eq0504 | eq0505 | eq0506 | eq0508 | ft0502 | ft0518 | ft2200 | ft4001 | ft4002 | ft4003","Permissão para Inclusão/Alteração/Baixa/Cancelamento",bas_usuar_financ_estab_acr
Vendas,SODFT03,24,"O usuário pode criar um contrato fictício para um cliente e processar entregas de saída contra o contrato, O usuário pode criar um contrato fictício para um cliente e processar entregas de saída contra o contrato. O usuário pode criar entrega fictícia / incorreta e inserir pagamentos contra estes, potencialmente apropriando-se indevidamente de bens. Os usuários com autorização para manter desconto de vendas, bem como processar ordens de venda, têm a capacidade de criar pedidos de vendas para clientes com descontos de vendas não aprovados. O usuário pode criar / alterar uma ordem de venda e processar os pagamentos recebidos de forma incorreta / fraudulenta, o que pode resultar em perdas para a empresa. Os usuários com autorização para processar pedidos de vendas, bem como a autorização para processar a lista de reconhecimento de receita, têm a capacidade de criar / alterar ordens de vendas e editar o valor / cronograma do reconhecimento de receita relacionado.",D,BAIXO,#3a309c,#f9f9f9,"Faturar pedido de venda","eq0503 | eq0504 | eq0505 | eq0506 | eq0508 | ft0502 | ft0518 | ft2200 | ft4001 | ft4002 | ft4003","Integração Com o Contas a Receber",ft0603
Vendas,SODFT03,24,"O usuário pode criar um contrato fictício para um cliente e processar entregas de saída contra o contrato, O usuário pode criar um contrato fictício para um cliente e processar entregas de saída contra o contrato. O usuário pode criar entrega fictícia / incorreta e inserir pagamentos contra estes, potencialmente apropriando-se indevidamente de bens. Os usuários com autorização para manter desconto de vendas, bem como processar ordens de venda, têm a capacidade de criar pedidos de vendas para clientes com descontos de vendas não aprovados. O usuário pode criar / alterar uma ordem de venda e processar os pagamentos recebidos de forma incorreta / fraudulenta, o que pode resultar em perdas para a empresa. Os usuários com autorização para processar pedidos de vendas, bem como a autorização para processar a lista de reconhecimento de receita, têm a capacidade de criar / alterar ordens de vendas e editar o valor / cronograma do reconhecimento de receita relacionado.",D,BAIXO,#3a309c,#f9f9f9,"Faturar pedido de venda","eq0503 | eq0504 | eq0505 | eq0506 | eq0508 | ft0502 | ft0518 | ft2200 | ft4001 | ft4002 | ft4003","Alterar perfis de acesso para o Faturamento",cd0821
Vendas,SODFT03,24,"O usuário pode criar um contrato fictício para um cliente e processar entregas de saída contra o contrato, O usuário pode criar um contrato fictício para um cliente e processar entregas de saída contra o contrato. O usuário pode criar entrega fictícia / incorreta e inserir pagamentos contra estes, potencialmente apropriando-se indevidamente de bens. Os usuários com autorização para manter desconto de vendas, bem como processar ordens de venda, têm a capacidade de criar pedidos de vendas para clientes com descontos de vendas não aprovados. O usuário pode criar / alterar uma ordem de venda e processar os pagamentos recebidos de forma incorreta / fraudulenta, o que pode resultar em perdas para a empresa. Os usuários com autorização para processar pedidos de vendas, bem como a autorização para processar a lista de reconhecimento de receita, têm a capacidade de criar / alterar ordens de vendas e editar o valor / cronograma do reconhecimento de receita relacionado.",D,BAIXO,#3a309c,#f9f9f9,"Faturar pedido de venda","eq0503 | eq0504 | eq0505 | eq0506 | eq0508 | ft0502 | ft0518 | ft2200 | ft4001 | ft4002 | ft4003","Permissão de Usuários Vendas",cd0821
Vendas,SODFT03,24,"O usuário pode criar um contrato fictício para um cliente e processar entregas de saída contra o contrato, O usuário pode criar um contrato fictício para um cliente e processar entregas de saída contra o contrato. O usuário pode criar entrega fictícia / incorreta e inserir pagamentos contra estes, potencialmente apropriando-se indevidamente de bens. Os usuários com autorização para manter desconto de vendas, bem como processar ordens de venda, têm a capacidade de criar pedidos de vendas para clientes com descontos de vendas não aprovados. O usuário pode criar / alterar uma ordem de venda e processar os pagamentos recebidos de forma incorreta / fraudulenta, o que pode resultar em perdas para a empresa. Os usuários com autorização para processar pedidos de vendas, bem como a autorização para processar a lista de reconhecimento de receita, têm a capacidade de criar / alterar ordens de vendas e editar o valor / cronograma do reconhecimento de receita relacionado.",D,BAIXO,#3a309c,#f9f9f9,"Faturar pedido de venda","eq0503 | eq0504 | eq0505 | eq0506 | eq0508 | ft0502 | ft0518 | ft2200 | ft4001 | ft4002 | ft4003","Registrar Título / Adiantamento",bas_lote_impl_tit_acr
Vendas,SODFT03,24,"O usuário pode criar um contrato fictício para um cliente e processar entregas de saída contra o contrato, O usuário pode criar um contrato fictício para um cliente e processar entregas de saída contra o contrato. O usuário pode criar entrega fictícia / incorreta e inserir pagamentos contra estes, potencialmente apropriando-se indevidamente de bens. Os usuários com autorização para manter desconto de vendas, bem como processar ordens de venda, têm a capacidade de criar pedidos de vendas para clientes com descontos de vendas não aprovados. O usuário pode criar / alterar uma ordem de venda e processar os pagamentos recebidos de forma incorreta / fraudulenta, o que pode resultar em perdas para a empresa. Os usuários com autorização para processar pedidos de vendas, bem como a autorização para processar a lista de reconhecimento de receita, têm a capacidade de criar / alterar ordens de vendas e editar o valor / cronograma do reconhecimento de receita relacionado.",D,BAIXO,#3a309c,#f9f9f9,"Faturar pedido de venda","eq0503 | eq0504 | eq0505 | eq0506 | eq0508 | ft0502 | ft0518 | ft2200 | ft4001 | ft4002 | ft4003","Cadastrar Cliente","bas_cliente_fin | bas_cliente_lib_pedido | bas_cliente_negoc_titulos | bas_cliente_novo | bas_pessoa_fisic | bas_pessoa_jurid_tec | bas_unid_negoc | cd0704 | cd1510 | pd0507"
Vendas,SODFT03,24,"O usuário pode criar um contrato fictício para um cliente e processar entregas de saída contra o contrato, O usuário pode criar um contrato fictício para um cliente e processar entregas de saída contra o contrato. O usuário pode criar entrega fictícia / incorreta e inserir pagamentos contra estes, potencialmente apropriando-se indevidamente de bens. Os usuários com autorização para manter desconto de vendas, bem como processar ordens de venda, têm a capacidade de criar pedidos de vendas para clientes com descontos de vendas não aprovados. O usuário pode criar / alterar uma ordem de venda e processar os pagamentos recebidos de forma incorreta / fraudulenta, o que pode resultar em perdas para a empresa. Os usuários com autorização para processar pedidos de vendas, bem como a autorização para processar a lista de reconhecimento de receita, têm a capacidade de criar / alterar ordens de vendas e editar o valor / cronograma do reconhecimento de receita relacionado.",D,BAIXO,#3a309c,#f9f9f9,"Faturar pedido de venda","eq0503 | eq0504 | eq0505 | eq0506 | eq0508 | ft0502 | ft0518 | ft2200 | ft4001 | ft4002 | ft4003","Aprovar alterações de perfil de acesso para o faturamento",cd0821
Vendas,SODFT04,25,"Os usuários com autorização para processar pedidos de vendas, bem como a autorização para processar a lista de reconhecimento de receita, têm a capacidade de criar titulos ficticios.",D,BAIXO,#3a309c,#f9f9f9,"Integração Com o Contas a Receber",ft0603,"Registrar Título / Adiantamento",bas_lote_impl_tit_acr
Vendas,SODFT04,25,"Os usuários com autorização para processar pedidos de vendas, bem como a autorização para processar a lista de reconhecimento de receita, têm a capacidade de criar titulos ficticios.",D,BAIXO,#3a309c,#f9f9f9,"Integração Com o Contas a Receber",ft0603,"Cadastrar Cliente","bas_cliente_fin | bas_cliente_lib_pedido | bas_cliente_negoc_titulos | bas_cliente_novo | bas_pessoa_fisic | bas_pessoa_jurid_tec | bas_unid_negoc | cd0704 | cd1510 | pd0507"
Vendas,SODFT04,25,"Os usuários com autorização para processar pedidos de vendas, bem como a autorização para processar a lista de reconhecimento de receita, têm a capacidade de criar titulos ficticios.",D,BAIXO,#3a309c,#f9f9f9,"Integração Com o Contas a Receber",ft0603,"Alterar perfis de acesso para o Faturamento",cd0821
Vendas,SODFT04,25,"Os usuários com autorização para processar pedidos de vendas, bem como a autorização para processar a lista de reconhecimento de receita, têm a capacidade de criar titulos ficticios.",D,BAIXO,#3a309c,#f9f9f9,"Integração Com o Contas a Receber",ft0603,"Aprovar alterações de perfil de acesso para o faturamento",cd0821
Vendas,SODFT04,25,"Os usuários com autorização para processar pedidos de vendas, bem como a autorização para processar a lista de reconhecimento de receita, têm a capacidade de criar titulos ficticios.",D,BAIXO,#3a309c,#f9f9f9,"Integração Com o Contas a Receber",ft0603,"Solicitar Venda",pd4000
Vendas,SODFT04,25,"Os usuários com autorização para processar pedidos de vendas, bem como a autorização para processar a lista de reconhecimento de receita, têm a capacidade de criar titulos ficticios.",D,BAIXO,#3a309c,#f9f9f9,"Integração Com o Contas a Receber",ft0603,"Permissão de Usuários Vendas",cd0821
Vendas,SODFT04,25,"Os usuários com autorização para processar pedidos de vendas, bem como a autorização para processar a lista de reconhecimento de receita, têm a capacidade de criar titulos ficticios.",D,BAIXO,#3a309c,#f9f9f9,"Integração Com o Contas a Receber",ft0603,"Faturar pedido de venda","eq0503 | eq0504 | eq0505 | eq0506 | eq0508 | ft0502 | ft0518 | ft2200 | ft4001 | ft4002 | ft4003"
Vendas,SODFT04,25,"Os usuários com autorização para processar pedidos de vendas, bem como a autorização para processar a lista de reconhecimento de receita, têm a capacidade de criar titulos ficticios.",D,ALTO,#ff0000,#000000,"Integração Com o Contas a Receber",ft0603,"Manutenção de Crédito de Clientes","cm0101 | cm0102 | cm0202"
Vendas,SODFT04,25,"Os usuários com autorização para processar pedidos de vendas, bem como a autorização para processar a lista de reconhecimento de receita, têm a capacidade de criar titulos ficticios.",D,ALTO,#ff0000,#000000,"Integração Com o Contas a Receber",ft0603,"Permissão de usários Crédito",cd4600
Vendas,SODFT04,25,"Os usuários com autorização para processar pedidos de vendas, bem como a autorização para processar a lista de reconhecimento de receita, têm a capacidade de criar titulos ficticios.",D,ALTO,#ff0000,#000000,"Integração Com o Contas a Receber",ft0603,"Aprovar Venda","cd0203 | cm0201 | cm0202"
Vendas,SODFT04,25,"Os usuários com autorização para processar pedidos de vendas, bem como a autorização para processar a lista de reconhecimento de receita, têm a capacidade de criar titulos ficticios.",D,MEDIO,#FF8C00,#FFFF,"Integração Com o Contas a Receber",ft0603,"Alteração de Valor Títulos",bas_tit_acr_alteracao
Vendas,SODFT04,25,"Os usuários com autorização para processar pedidos de vendas, bem como a autorização para processar a lista de reconhecimento de receita, têm a capacidade de criar titulos ficticios.",D,MEDIO,#FF8C00,#FFFF,"Integração Com o Contas a Receber",ft0603,"Liquidação Títulos Recebimento",bas_lote_liquidac_acr
Vendas,SODFT04,25,"Os usuários com autorização para processar pedidos de vendas, bem como a autorização para processar a lista de reconhecimento de receita, têm a capacidade de criar titulos ficticios.",D,MEDIO,#FF8C00,#FFFF,"Integração Com o Contas a Receber",ft0603,"Cancelamento de Títulos",bas_tit_acr_estorno
Vendas,SODFT04,25,"Os usuários com autorização para processar pedidos de vendas, bem como a autorização para processar a lista de reconhecimento de receita, têm a capacidade de criar titulos ficticios.",D,ALTO,#ff0000,#000000,"Integração Com o Contas a Receber",ft0603,"Permissão para Inclusão/Alteração/Baixa/Cancelamento",bas_usuar_financ_estab_acr
